run_id,experiment_type,model,train_datasets,eval_dataset,classes,split_seed,train_seed,augmentation,status,checkpoint_path,predictions_path,started_at,completed_at
mobilenetv2_100__train-riceleafbd__run-to-dhan_shomadhan__classes-brown_spot+tungro__seed7__eval-dhan_shomadhan__aug-default,transfer_baseline,mobilenetv2_100,riceleafbd,dhan_shomadhan,brown_spot|tungro,42,7,default,complete,results/checkpoints/mobilenetv2_100__train-riceleafbd__run-to-dhan_shomadhan__classes-brown_spot+tungro__seed7.pth,results/predictions/mobilenetv2_100__train-riceleafbd__run-to-dhan_shomadhan__classes-brown_spot+tungro__eval-dhan_shomadhan__seed7.csv,2026-07-21T08:20:10.523326+00:00,2026-07-21T08:23:06.741052+00:00
efficientnet_b0__train-riceleafbd__run-to-dhan_shomadhan__classes-brown_spot+tungro__seed7__eval-dhan_shomadhan__aug-default,transfer_baseline,efficientnet_b0,riceleafbd,dhan_shomadhan,brown_spot|tungro,42,7,default,complete,results/checkpoints/efficientnet_b0__train-riceleafbd__run-to-dhan_shomadhan__classes-brown_spot+tungro__seed7.pth,results/predictions/efficientnet_b0__train-riceleafbd__run-to-dhan_shomadhan__classes-brown_spot+tungro__eval-dhan_shomadhan__seed7.csv,2026-07-21T08:23:06.768294+00:00,2026-07-21T08:28:07.680235+00:00
resnet50__train-riceleafbd__run-to-dhan_shomadhan__classes-brown_spot+tungro__seed7__eval-dhan_shomadhan__aug-default,transfer_baseline,resnet50,riceleafbd,dhan_shomadhan,brown_spot|tungro,42,7,default,complete,results/checkpoints/resnet50__train-riceleafbd__run-to-dhan_shomadhan__classes-brown_spot+tungro__seed7.pth,results/predictions/resnet50__train-riceleafbd__run-to-dhan_shomadhan__classes-brown_spot+tungro__eval-dhan_shomadhan__seed7.csv,2026-07-21T08:28:07.707716+00:00,2026-07-21T08:32:37.596468+00:00
mobilenetv2_100__train-dhan_shomadhan__run-to-riceleafbd__classes-brown_spot+tungro__seed7__eval-riceleafbd__aug-default,transfer_baseline,mobilenetv2_100,dhan_shomadhan,riceleafbd,brown_spot|tungro,42,7,default,complete,results/checkpoints/mobilenetv2_100__train-dhan_shomadhan__run-to-riceleafbd__classes-brown_spot+tungro__seed7.pth,results/predictions/mobilenetv2_100__train-dhan_shomadhan__run-to-riceleafbd__classes-brown_spot+tungro__eval-riceleafbd__seed7.csv,2026-07-21T08:32:37.629061+00:00,2026-07-21T08:41:26.535227+00:00
efficientnet_b0__train-dhan_shomadhan__run-to-riceleafbd__classes-brown_spot+tungro__seed7__eval-riceleafbd__aug-default,transfer_baseline,efficientnet_b0,dhan_shomadhan,riceleafbd,brown_spot|tungro,42,7,default,complete,results/checkpoints/efficientnet_b0__train-dhan_shomadhan__run-to-riceleafbd__classes-brown_spot+tungro__seed7.pth,results/predictions/efficientnet_b0__train-dhan_shomadhan__run-to-riceleafbd__classes-brown_spot+tungro__eval-riceleafbd__seed7.csv,2026-07-21T08:41:26.564434+00:00,2026-07-21T08:47:16.236223+00:00
resnet50__train-dhan_shomadhan__run-to-riceleafbd__classes-brown_spot+tungro__seed7__eval-riceleafbd__aug-default,transfer_baseline,resnet50,dhan_shomadhan,riceleafbd,brown_spot|tungro,42,7,default,complete,results/checkpoints/resnet50__train-dhan_shomadhan__run-to-riceleafbd__classes-brown_spot+tungro__seed7.pth,results/predictions/resnet50__train-dhan_shomadhan__run-to-riceleafbd__classes-brown_spot+tungro__eval-riceleafbd__seed7.csv,2026-07-21T08:47:16.266120+00:00,2026-07-21T08:58:06.800775+00:00
mobilenetv2_100__train-riceleafbd__run-to-brri_rice_disease_pest__classes-healthy+tungro__seed7__eval-brri_rice_disease_pest__aug-default,transfer_baseline,mobilenetv2_100,riceleafbd,brri_rice_disease_pest,healthy|tungro,42,7,default,complete,results/checkpoints/mobilenetv2_100__train-riceleafbd__run-to-brri_rice_disease_pest__classes-healthy+tungro__seed7.pth,results/predictions/mobilenetv2_100__train-riceleafbd__run-to-brri_rice_disease_pest__classes-healthy+tungro__eval-brri_rice_disease_pest__seed7.csv,2026-07-21T08:58:06.831931+00:00,2026-07-21T09:00:30.822167+00:00
efficientnet_b0__train-riceleafbd__run-to-brri_rice_disease_pest__classes-healthy+tungro__seed7__eval-brri_rice_disease_pest__aug-default,transfer_baseline,efficientnet_b0,riceleafbd,brri_rice_disease_pest,healthy|tungro,42,7,default,complete,results/checkpoints/efficientnet_b0__train-riceleafbd__run-to-brri_rice_disease_pest__classes-healthy+tungro__seed7.pth,results/predictions/efficientnet_b0__train-riceleafbd__run-to-brri_rice_disease_pest__classes-healthy+tungro__eval-brri_rice_disease_pest__seed7.csv,2026-07-21T09:00:30.852838+00:00,2026-07-21T09:04:35.351582+00:00
resnet50__train-riceleafbd__run-to-brri_rice_disease_pest__classes-healthy+tungro__seed7__eval-brri_rice_disease_pest__aug-default,transfer_baseline,resnet50,riceleafbd,brri_rice_disease_pest,healthy|tungro,42,7,default,complete,results/checkpoints/resnet50__train-riceleafbd__run-to-brri_rice_disease_pest__classes-healthy+tungro__seed7.pth,results/predictions/resnet50__train-riceleafbd__run-to-brri_rice_disease_pest__classes-healthy+tungro__eval-brri_rice_disease_pest__seed7.csv,2026-07-21T09:04:35.380708+00:00,2026-07-21T09:07:44.283136+00:00
mobilenetv2_100__train-brri_rice_disease_pest__run-to-riceleafbd__classes-healthy+tungro__seed7__eval-riceleafbd__aug-default,transfer_baseline,mobilenetv2_100,brri_rice_disease_pest,riceleafbd,healthy|tungro,42,7,default,complete,results/checkpoints/mobilenetv2_100__train-brri_rice_disease_pest__run-to-riceleafbd__classes-healthy+tungro__seed7.pth,results/predictions/mobilenetv2_100__train-brri_rice_disease_pest__run-to-riceleafbd__classes-healthy+tungro__eval-riceleafbd__seed7.csv,2026-07-21T09:07:44.314402+00:00,2026-07-21T09:12:54.470101+00:00
efficientnet_b0__train-brri_rice_disease_pest__run-to-riceleafbd__classes-healthy+tungro__seed7__eval-riceleafbd__aug-default,transfer_baseline,efficientnet_b0,brri_rice_disease_pest,riceleafbd,healthy|tungro,42,7,default,complete,results/checkpoints/efficientnet_b0__train-brri_rice_disease_pest__run-to-riceleafbd__classes-healthy+tungro__seed7.pth,results/predictions/efficientnet_b0__train-brri_rice_disease_pest__run-to-riceleafbd__classes-healthy+tungro__eval-riceleafbd__seed7.csv,2026-07-21T09:12:54.499429+00:00,2026-07-21T09:17:45.689816+00:00
resnet50__train-brri_rice_disease_pest__run-to-riceleafbd__classes-healthy+tungro__seed7__eval-riceleafbd__aug-default,transfer_baseline,resnet50,brri_rice_disease_pest,riceleafbd,healthy|tungro,42,7,default,complete,results/checkpoints/resnet50__train-brri_rice_disease_pest__run-to-riceleafbd__classes-healthy+tungro__seed7.pth,results/predictions/resnet50__train-brri_rice_disease_pest__run-to-riceleafbd__classes-healthy+tungro__eval-riceleafbd__seed7.csv,2026-07-21T09:17:45.718604+00:00,2026-07-21T09:22:56.846858+00:00
mobilenetv2_100__train-dhan_shomadhan__run-to-brri_rice_disease_pest__classes-rice_blast+scald+tungro__seed7__eval-brri_rice_disease_pest__aug-default,transfer_baseline,mobilenetv2_100,dhan_shomadhan,brri_rice_disease_pest,rice_blast|scald|tungro,42,7,default,complete,results/checkpoints/mobilenetv2_100__train-dhan_shomadhan__run-to-brri_rice_disease_pest__classes-rice_blast+scald+tungro__seed7.pth,results/predictions/mobilenetv2_100__train-dhan_shomadhan__run-to-brri_rice_disease_pest__classes-rice_blast+scald+tungro__eval-brri_rice_disease_pest__seed7.csv,2026-07-21T09:22:56.878246+00:00,2026-07-21T09:35:25.487139+00:00
efficientnet_b0__train-dhan_shomadhan__run-to-brri_rice_disease_pest__classes-rice_blast+scald+tungro__seed7__eval-brri_rice_disease_pest__aug-default,transfer_baseline,efficientnet_b0,dhan_shomadhan,brri_rice_disease_pest,rice_blast|scald|tungro,42,7,default,complete,results/checkpoints/efficientnet_b0__train-dhan_shomadhan__run-to-brri_rice_disease_pest__classes-rice_blast+scald+tungro__seed7.pth,results/predictions/efficientnet_b0__train-dhan_shomadhan__run-to-brri_rice_disease_pest__classes-rice_blast+scald+tungro__eval-brri_rice_disease_pest__seed7.csv,2026-07-21T09:35:25.515699+00:00,2026-07-21T09:48:35.634571+00:00
resnet50__train-dhan_shomadhan__run-to-brri_rice_disease_pest__classes-rice_blast+scald+tungro__seed7__eval-brri_rice_disease_pest__aug-default,transfer_baseline,resnet50,dhan_shomadhan,brri_rice_disease_pest,rice_blast|scald|tungro,42,7,default,complete,results/checkpoints/resnet50__train-dhan_shomadhan__run-to-brri_rice_disease_pest__classes-rice_blast+scald+tungro__seed7.pth,results/predictions/resnet50__train-dhan_shomadhan__run-to-brri_rice_disease_pest__classes-rice_blast+scald+tungro__eval-brri_rice_disease_pest__seed7.csv,2026-07-21T09:48:35.663098+00:00,2026-07-21T10:03:58.012701+00:00
mobilenetv2_100__train-brri_rice_disease_pest__run-to-dhan_shomadhan__classes-rice_blast+scald+tungro__seed7__eval-dhan_shomadhan__aug-default,transfer_baseline,mobilenetv2_100,brri_rice_disease_pest,dhan_shomadhan,rice_blast|scald|tungro,42,7,default,complete,results/checkpoints/mobilenetv2_100__train-brri_rice_disease_pest__run-to-dhan_shomadhan__classes-rice_blast+scald+tungro__seed7.pth,results/predictions/mobilenetv2_100__train-brri_rice_disease_pest__run-to-dhan_shomadhan__classes-rice_blast+scald+tungro__eval-dhan_shomadhan__seed7.csv,2026-07-21T10:03:58.044579+00:00,2026-07-21T10:16:42.189240+00:00
efficientnet_b0__train-brri_rice_disease_pest__run-to-dhan_shomadhan__classes-rice_blast+scald+tungro__seed7__eval-dhan_shomadhan__aug-default,transfer_baseline,efficientnet_b0,brri_rice_disease_pest,dhan_shomadhan,rice_blast|scald|tungro,42,7,default,complete,results/checkpoints/efficientnet_b0__train-brri_rice_disease_pest__run-to-dhan_shomadhan__classes-rice_blast+scald+tungro__seed7.pth,results/predictions/efficientnet_b0__train-brri_rice_disease_pest__run-to-dhan_shomadhan__classes-rice_blast+scald+tungro__eval-dhan_shomadhan__seed7.csv,2026-07-21T10:16:42.218168+00:00,2026-07-21T10:22:52.408797+00:00
resnet50__train-brri_rice_disease_pest__run-to-dhan_shomadhan__classes-rice_blast+scald+tungro__seed7__eval-dhan_shomadhan__aug-default,transfer_baseline,resnet50,brri_rice_disease_pest,dhan_shomadhan,rice_blast|scald|tungro,42,7,default,complete,results/checkpoints/resnet50__train-brri_rice_disease_pest__run-to-dhan_shomadhan__classes-rice_blast+scald+tungro__seed7.pth,results/predictions/resnet50__train-brri_rice_disease_pest__run-to-dhan_shomadhan__classes-rice_blast+scald+tungro__eval-dhan_shomadhan__seed7.csv,2026-07-21T10:22:52.439788+00:00,2026-07-21T10:36:25.620366+00:00
mobilenetv2_100__train-riceleafbd__run-to-dhan_shomadhan__classes-brown_spot+tungro__aug-strong__seed7__eval-dhan_shomadhan__aug-strong,transfer_aug,mobilenetv2_100,riceleafbd,dhan_shomadhan,brown_spot|tungro,42,7,strong,complete,results/checkpoints/mobilenetv2_100__train-riceleafbd__run-to-dhan_shomadhan__classes-brown_spot+tungro__aug-strong__seed7.pth,results/predictions/mobilenetv2_100__train-riceleafbd__run-to-dhan_shomadhan__classes-brown_spot+tungro__aug-strong__eval-dhan_shomadhan__seed7.csv,2026-07-21T10:36:25.743669+00:00,2026-07-21T10:40:40.068707+00:00
efficientnet_b0__train-riceleafbd__run-to-dhan_shomadhan__classes-brown_spot+tungro__aug-strong__seed7__eval-dhan_shomadhan__aug-strong,transfer_aug,efficientnet_b0,riceleafbd,dhan_shomadhan,brown_spot|tungro,42,7,strong,complete,results/checkpoints/efficientnet_b0__train-riceleafbd__run-to-dhan_shomadhan__classes-brown_spot+tungro__aug-strong__seed7.pth,results/predictions/efficientnet_b0__train-riceleafbd__run-to-dhan_shomadhan__classes-brown_spot+tungro__aug-strong__eval-dhan_shomadhan__seed7.csv,2026-07-21T10:40:40.097411+00:00,2026-07-21T10:44:10.626688+00:00
resnet50__train-riceleafbd__run-to-dhan_shomadhan__classes-brown_spot+tungro__aug-strong__seed7__eval-dhan_shomadhan__aug-strong,transfer_aug,resnet50,riceleafbd,dhan_shomadhan,brown_spot|tungro,42,7,strong,complete,results/checkpoints/resnet50__train-riceleafbd__run-to-dhan_shomadhan__classes-brown_spot+tungro__aug-strong__seed7.pth,results/predictions/resnet50__train-riceleafbd__run-to-dhan_shomadhan__classes-brown_spot+tungro__aug-strong__eval-dhan_shomadhan__seed7.csv,2026-07-21T10:44:10.656336+00:00,2026-07-21T10:48:55.625738+00:00
mobilenetv2_100__train-dhan_shomadhan__run-to-riceleafbd__classes-brown_spot+tungro__aug-strong__seed7__eval-riceleafbd__aug-strong,transfer_aug,mobilenetv2_100,dhan_shomadhan,riceleafbd,brown_spot|tungro,42,7,strong,complete,results/checkpoints/mobilenetv2_100__train-dhan_shomadhan__run-to-riceleafbd__classes-brown_spot+tungro__aug-strong__seed7.pth,results/predictions/mobilenetv2_100__train-dhan_shomadhan__run-to-riceleafbd__classes-brown_spot+tungro__aug-strong__eval-riceleafbd__seed7.csv,2026-07-21T10:48:55.657834+00:00,2026-07-21T10:52:19.928010+00:00
efficientnet_b0__train-dhan_shomadhan__run-to-riceleafbd__classes-brown_spot+tungro__aug-strong__seed7__eval-riceleafbd__aug-strong,transfer_aug,efficientnet_b0,dhan_shomadhan,riceleafbd,brown_spot|tungro,42,7,strong,complete,results/checkpoints/efficientnet_b0__train-dhan_shomadhan__run-to-riceleafbd__classes-brown_spot+tungro__aug-strong__seed7.pth,results/predictions/efficientnet_b0__train-dhan_shomadhan__run-to-riceleafbd__classes-brown_spot+tungro__aug-strong__eval-riceleafbd__seed7.csv,2026-07-21T10:52:19.958336+00:00,2026-07-21T10:58:28.077658+00:00
resnet50__train-dhan_shomadhan__run-to-riceleafbd__classes-brown_spot+tungro__aug-strong__seed7__eval-riceleafbd__aug-strong,transfer_aug,resnet50,dhan_shomadhan,riceleafbd,brown_spot|tungro,42,7,strong,complete,results/checkpoints/resnet50__train-dhan_shomadhan__run-to-riceleafbd__classes-brown_spot+tungro__aug-strong__seed7.pth,results/predictions/resnet50__train-dhan_shomadhan__run-to-riceleafbd__classes-brown_spot+tungro__aug-strong__eval-riceleafbd__seed7.csv,2026-07-21T10:58:28.107208+00:00,2026-07-21T11:05:57.238530+00:00
mobilenetv2_100__train-riceleafbd__run-to-brri_rice_disease_pest__classes-healthy+tungro__aug-strong__seed7__eval-brri_rice_disease_pest__aug-strong,transfer_aug,mobilenetv2_100,riceleafbd,brri_rice_disease_pest,healthy|tungro,42,7,strong,complete,results/checkpoints/mobilenetv2_100__train-riceleafbd__run-to-brri_rice_disease_pest__classes-healthy+tungro__aug-strong__seed7.pth,results/predictions/mobilenetv2_100__train-riceleafbd__run-to-brri_rice_disease_pest__classes-healthy+tungro__aug-strong__eval-brri_rice_disease_pest__seed7.csv,2026-07-21T11:05:57.272456+00:00,2026-07-21T11:09:21.659610+00:00
efficientnet_b0__train-riceleafbd__run-to-brri_rice_disease_pest__classes-healthy+tungro__aug-strong__seed7__eval-brri_rice_disease_pest__aug-strong,transfer_aug,efficientnet_b0,riceleafbd,brri_rice_disease_pest,healthy|tungro,42,7,strong,complete,results/checkpoints/efficientnet_b0__train-riceleafbd__run-to-brri_rice_disease_pest__classes-healthy+tungro__aug-strong__seed7.pth,results/predictions/efficientnet_b0__train-riceleafbd__run-to-brri_rice_disease_pest__classes-healthy+tungro__aug-strong__eval-brri_rice_disease_pest__seed7.csv,2026-07-21T11:09:21.689678+00:00,2026-07-21T11:15:10.682699+00:00
resnet50__train-riceleafbd__run-to-brri_rice_disease_pest__classes-healthy+tungro__aug-strong__seed7__eval-brri_rice_disease_pest__aug-strong,transfer_aug,resnet50,riceleafbd,brri_rice_disease_pest,healthy|tungro,42,7,strong,complete,results/checkpoints/resnet50__train-riceleafbd__run-to-brri_rice_disease_pest__classes-healthy+tungro__aug-strong__seed7.pth,results/predictions/resnet50__train-riceleafbd__run-to-brri_rice_disease_pest__classes-healthy+tungro__aug-strong__eval-brri_rice_disease_pest__seed7.csv,2026-07-21T11:15:10.712475+00:00,2026-07-21T11:19:11.908661+00:00
mobilenetv2_100__train-brri_rice_disease_pest__run-to-riceleafbd__classes-healthy+tungro__aug-strong__seed7__eval-riceleafbd__aug-strong,transfer_aug,mobilenetv2_100,brri_rice_disease_pest,riceleafbd,healthy|tungro,42,7,strong,complete,results/checkpoints/mobilenetv2_100__train-brri_rice_disease_pest__run-to-riceleafbd__classes-healthy+tungro__aug-strong__seed7.pth,results/predictions/mobilenetv2_100__train-brri_rice_disease_pest__run-to-riceleafbd__classes-healthy+tungro__aug-strong__eval-riceleafbd__seed7.csv,2026-07-21T11:19:11.942680+00:00,2026-07-21T11:22:41.922136+00:00
efficientnet_b0__train-brri_rice_disease_pest__run-to-riceleafbd__classes-healthy+tungro__aug-strong__seed7__eval-riceleafbd__aug-strong,transfer_aug,efficientnet_b0,brri_rice_disease_pest,riceleafbd,healthy|tungro,42,7,strong,complete,results/checkpoints/efficientnet_b0__train-brri_rice_disease_pest__run-to-riceleafbd__classes-healthy+tungro__aug-strong__seed7.pth,results/predictions/efficientnet_b0__train-brri_rice_disease_pest__run-to-riceleafbd__classes-healthy+tungro__aug-strong__eval-riceleafbd__seed7.csv,2026-07-21T11:22:41.951626+00:00,2026-07-21T11:27:47.185579+00:00
resnet50__train-brri_rice_disease_pest__run-to-riceleafbd__classes-healthy+tungro__aug-strong__seed7__eval-riceleafbd__aug-strong,transfer_aug,resnet50,brri_rice_disease_pest,riceleafbd,healthy|tungro,42,7,strong,complete,results/checkpoints/resnet50__train-brri_rice_disease_pest__run-to-riceleafbd__classes-healthy+tungro__aug-strong__seed7.pth,results/predictions/resnet50__train-brri_rice_disease_pest__run-to-riceleafbd__classes-healthy+tungro__aug-strong__eval-riceleafbd__seed7.csv,2026-07-21T11:27:47.214972+00:00,2026-07-21T11:35:48.326572+00:00
mobilenetv2_100__train-dhan_shomadhan__run-to-brri_rice_disease_pest__classes-rice_blast+scald+tungro__aug-strong__seed7__eval-brri_rice_disease_pest__aug-strong,transfer_aug,mobilenetv2_100,dhan_shomadhan,brri_rice_disease_pest,rice_blast|scald|tungro,42,7,strong,complete,results/checkpoints/mobilenetv2_100__train-dhan_shomadhan__run-to-brri_rice_disease_pest__classes-rice_blast+scald+tungro__aug-strong__seed7.pth,results/predictions/mobilenetv2_100__train-dhan_shomadhan__run-to-brri_rice_disease_pest__classes-rice_blast+scald+tungro__aug-strong__eval-brri_rice_disease_pest__seed7.csv,2026-07-21T11:35:48.361958+00:00,2026-07-21T11:52:26.513563+00:00
efficientnet_b0__train-dhan_shomadhan__run-to-brri_rice_disease_pest__classes-rice_blast+scald+tungro__aug-strong__seed7__eval-brri_rice_disease_pest__aug-strong,transfer_aug,efficientnet_b0,dhan_shomadhan,brri_rice_disease_pest,rice_blast|scald|tungro,42,7,strong,complete,results/checkpoints/efficientnet_b0__train-dhan_shomadhan__run-to-brri_rice_disease_pest__classes-rice_blast+scald+tungro__aug-strong__seed7.pth,results/predictions/efficientnet_b0__train-dhan_shomadhan__run-to-brri_rice_disease_pest__classes-rice_blast+scald+tungro__aug-strong__eval-brri_rice_disease_pest__seed7.csv,2026-07-21T11:52:26.544288+00:00,2026-07-21T12:04:56.491311+00:00
resnet50__train-dhan_shomadhan__run-to-brri_rice_disease_pest__classes-rice_blast+scald+tungro__aug-strong__seed7__eval-brri_rice_disease_pest__aug-strong,transfer_aug,resnet50,dhan_shomadhan,brri_rice_disease_pest,rice_blast|scald|tungro,42,7,strong,complete,results/checkpoints/resnet50__train-dhan_shomadhan__run-to-brri_rice_disease_pest__classes-rice_blast+scald+tungro__aug-strong__seed7.pth,results/predictions/resnet50__train-dhan_shomadhan__run-to-brri_rice_disease_pest__classes-rice_blast+scald+tungro__aug-strong__eval-brri_rice_disease_pest__seed7.csv,2026-07-21T12:04:56.520964+00:00,2026-07-21T12:17:44.809002+00:00
mobilenetv2_100__train-brri_rice_disease_pest__run-to-dhan_shomadhan__classes-rice_blast+scald+tungro__aug-strong__seed7__eval-dhan_shomadhan__aug-strong,transfer_aug,mobilenetv2_100,brri_rice_disease_pest,dhan_shomadhan,rice_blast|scald|tungro,42,7,strong,complete,results/checkpoints/mobilenetv2_100__train-brri_rice_disease_pest__run-to-dhan_shomadhan__classes-rice_blast+scald+tungro__aug-strong__seed7.pth,results/predictions/mobilenetv2_100__train-brri_rice_disease_pest__run-to-dhan_shomadhan__classes-rice_blast+scald+tungro__aug-strong__eval-dhan_shomadhan__seed7.csv,2026-07-21T12:17:44.842982+00:00,2026-07-21T12:28:40.899396+00:00
efficientnet_b0__train-brri_rice_disease_pest__run-to-dhan_shomadhan__classes-rice_blast+scald+tungro__aug-strong__seed7__eval-dhan_shomadhan__aug-strong,transfer_aug,efficientnet_b0,brri_rice_disease_pest,dhan_shomadhan,rice_blast|scald|tungro,42,7,strong,complete,results/checkpoints/efficientnet_b0__train-brri_rice_disease_pest__run-to-dhan_shomadhan__classes-rice_blast+scald+tungro__aug-strong__seed7.pth,results/predictions/efficientnet_b0__train-brri_rice_disease_pest__run-to-dhan_shomadhan__classes-rice_blast+scald+tungro__aug-strong__eval-dhan_shomadhan__seed7.csv,2026-07-21T12:28:40.929945+00:00,2026-07-21T12:37:33.685081+00:00
resnet50__train-brri_rice_disease_pest__run-to-dhan_shomadhan__classes-rice_blast+scald+tungro__aug-strong__seed7__eval-dhan_shomadhan__aug-strong,transfer_aug,resnet50,brri_rice_disease_pest,dhan_shomadhan,rice_blast|scald|tungro,42,7,strong,complete,results/checkpoints/resnet50__train-brri_rice_disease_pest__run-to-dhan_shomadhan__classes-rice_blast+scald+tungro__aug-strong__seed7.pth,results/predictions/resnet50__train-brri_rice_disease_pest__run-to-dhan_shomadhan__classes-rice_blast+scald+tungro__aug-strong__eval-dhan_shomadhan__seed7.csv,2026-07-21T12:37:33.717294+00:00,2026-07-21T12:51:38.795887+00:00
mobilenetv2_100__train-dhan_shomadhan+brri_rice_disease_pest__run-lodo-holdout-riceleafbd__seed7__eval-riceleafbd__aug-default,lodo,mobilenetv2_100,dhan_shomadhan+brri_rice_disease_pest,riceleafbd,brown_spot|healthy|tungro,42,7,default,complete,results/checkpoints/mobilenetv2_100__train-dhan_shomadhan+brri_rice_disease_pest__run-lodo-holdout-riceleafbd__seed7.pth,results/predictions/mobilenetv2_100__train-dhan_shomadhan+brri_rice_disease_pest__run-lodo-holdout-riceleafbd__eval-riceleafbd__seed7.csv,2026-07-21T12:51:38.873885+00:00,2026-07-21T13:07:21.135770+00:00
efficientnet_b0__train-dhan_shomadhan+brri_rice_disease_pest__run-lodo-holdout-riceleafbd__seed7__eval-riceleafbd__aug-default,lodo,efficientnet_b0,dhan_shomadhan+brri_rice_disease_pest,riceleafbd,brown_spot|healthy|tungro,42,7,default,complete,results/checkpoints/efficientnet_b0__train-dhan_shomadhan+brri_rice_disease_pest__run-lodo-holdout-riceleafbd__seed7.pth,results/predictions/efficientnet_b0__train-dhan_shomadhan+brri_rice_disease_pest__run-lodo-holdout-riceleafbd__eval-riceleafbd__seed7.csv,2026-07-21T13:07:21.164179+00:00,2026-07-21T13:20:35.132113+00:00
resnet50__train-dhan_shomadhan+brri_rice_disease_pest__run-lodo-holdout-riceleafbd__seed7__eval-riceleafbd__aug-default,lodo,resnet50,dhan_shomadhan+brri_rice_disease_pest,riceleafbd,brown_spot|healthy|tungro,42,7,default,complete,results/checkpoints/resnet50__train-dhan_shomadhan+brri_rice_disease_pest__run-lodo-holdout-riceleafbd__seed7.pth,results/predictions/resnet50__train-dhan_shomadhan+brri_rice_disease_pest__run-lodo-holdout-riceleafbd__eval-riceleafbd__seed7.csv,2026-07-21T13:20:35.159630+00:00,2026-07-21T13:36:48.408730+00:00
mobilenetv2_100__train-riceleafbd+brri_rice_disease_pest__run-lodo-holdout-dhan_shomadhan__seed7__eval-dhan_shomadhan__aug-default,lodo,mobilenetv2_100,riceleafbd+brri_rice_disease_pest,dhan_shomadhan,brown_spot|rice_blast|scald|tungro,42,7,default,complete,results/checkpoints/mobilenetv2_100__train-riceleafbd+brri_rice_disease_pest__run-lodo-holdout-dhan_shomadhan__seed7.pth,results/predictions/mobilenetv2_100__train-riceleafbd+brri_rice_disease_pest__run-lodo-holdout-dhan_shomadhan__eval-dhan_shomadhan__seed7.csv,2026-07-21T13:36:48.436644+00:00,2026-07-21T13:56:03.499342+00:00
efficientnet_b0__train-riceleafbd+brri_rice_disease_pest__run-lodo-holdout-dhan_shomadhan__seed7__eval-dhan_shomadhan__aug-default,lodo,efficientnet_b0,riceleafbd+brri_rice_disease_pest,dhan_shomadhan,brown_spot|rice_blast|scald|tungro,42,7,default,complete,results/checkpoints/efficientnet_b0__train-riceleafbd+brri_rice_disease_pest__run-lodo-holdout-dhan_shomadhan__seed7.pth,results/predictions/efficientnet_b0__train-riceleafbd+brri_rice_disease_pest__run-lodo-holdout-dhan_shomadhan__eval-dhan_shomadhan__seed7.csv,2026-07-21T13:56:03.528114+00:00,2026-07-21T14:15:37.244594+00:00
resnet50__train-riceleafbd+brri_rice_disease_pest__run-lodo-holdout-dhan_shomadhan__seed7__eval-dhan_shomadhan__aug-default,lodo,resnet50,riceleafbd+brri_rice_disease_pest,dhan_shomadhan,brown_spot|rice_blast|scald|tungro,42,7,default,complete,results/checkpoints/resnet50__train-riceleafbd+brri_rice_disease_pest__run-lodo-holdout-dhan_shomadhan__seed7.pth,results/predictions/resnet50__train-riceleafbd+brri_rice_disease_pest__run-lodo-holdout-dhan_shomadhan__eval-dhan_shomadhan__seed7.csv,2026-07-21T14:15:37.273890+00:00,2026-07-21T14:32:36.124448+00:00
mobilenetv2_100__train-riceleafbd+dhan_shomadhan__run-lodo-holdout-brri_rice_disease_pest__seed7__eval-brri_rice_disease_pest__aug-default,lodo,mobilenetv2_100,riceleafbd+dhan_shomadhan,brri_rice_disease_pest,healthy|rice_blast|scald|tungro,42,7,default,complete,results/checkpoints/mobilenetv2_100__train-riceleafbd+dhan_shomadhan__run-lodo-holdout-brri_rice_disease_pest__seed7.pth,results/predictions/mobilenetv2_100__train-riceleafbd+dhan_shomadhan__run-lodo-holdout-brri_rice_disease_pest__eval-brri_rice_disease_pest__seed7.csv,2026-07-21T14:32:36.151843+00:00,2026-07-21T14:59:31.003072+00:00
efficientnet_b0__train-riceleafbd+dhan_shomadhan__run-lodo-holdout-brri_rice_disease_pest__seed7__eval-brri_rice_disease_pest__aug-default,lodo,efficientnet_b0,riceleafbd+dhan_shomadhan,brri_rice_disease_pest,healthy|rice_blast|scald|tungro,42,7,default,complete,results/checkpoints/efficientnet_b0__train-riceleafbd+dhan_shomadhan__run-lodo-holdout-brri_rice_disease_pest__seed7.pth,results/predictions/efficientnet_b0__train-riceleafbd+dhan_shomadhan__run-lodo-holdout-brri_rice_disease_pest__eval-brri_rice_disease_pest__seed7.csv,2026-07-21T14:59:31.030594+00:00,2026-07-21T15:15:44.505069+00:00
resnet50__train-riceleafbd+dhan_shomadhan__run-lodo-holdout-brri_rice_disease_pest__seed7__eval-brri_rice_disease_pest__aug-default,lodo,resnet50,riceleafbd+dhan_shomadhan,brri_rice_disease_pest,healthy|rice_blast|scald|tungro,42,7,default,complete,results/checkpoints/resnet50__train-riceleafbd+dhan_shomadhan__run-lodo-holdout-brri_rice_disease_pest__seed7.pth,results/predictions/resnet50__train-riceleafbd+dhan_shomadhan__run-lodo-holdout-brri_rice_disease_pest__eval-brri_rice_disease_pest__seed7.csv,2026-07-21T15:15:44.533953+00:00,2026-07-21T15:34:55.708647+00:00
mobilenetv2_100__train-riceleafbd__run-to-dhan_shomadhan__classes-brown_spot+tungro__seed2024__eval-dhan_shomadhan__aug-default,transfer_baseline,mobilenetv2_100,riceleafbd,dhan_shomadhan,brown_spot|tungro,42,2024,default,complete,results/checkpoints/mobilenetv2_100__train-riceleafbd__run-to-dhan_shomadhan__classes-brown_spot+tungro__seed2024.pth,results/predictions/mobilenetv2_100__train-riceleafbd__run-to-dhan_shomadhan__classes-brown_spot+tungro__eval-dhan_shomadhan__seed2024.csv,2026-07-21T15:34:56.276712+00:00,2026-07-21T15:36:44.195198+00:00
efficientnet_b0__train-riceleafbd__run-to-dhan_shomadhan__classes-brown_spot+tungro__seed2024__eval-dhan_shomadhan__aug-default,transfer_baseline,efficientnet_b0,riceleafbd,dhan_shomadhan,brown_spot|tungro,42,2024,default,complete,results/checkpoints/efficientnet_b0__train-riceleafbd__run-to-dhan_shomadhan__classes-brown_spot+tungro__seed2024.pth,results/predictions/efficientnet_b0__train-riceleafbd__run-to-dhan_shomadhan__classes-brown_spot+tungro__eval-dhan_shomadhan__seed2024.csv,2026-07-21T15:36:44.226210+00:00,2026-07-21T15:42:02.886302+00:00
resnet50__train-riceleafbd__run-to-dhan_shomadhan__classes-brown_spot+tungro__seed2024__eval-dhan_shomadhan__aug-default,transfer_baseline,resnet50,riceleafbd,dhan_shomadhan,brown_spot|tungro,42,2024,default,complete,results/checkpoints/resnet50__train-riceleafbd__run-to-dhan_shomadhan__classes-brown_spot+tungro__seed2024.pth,results/predictions/resnet50__train-riceleafbd__run-to-dhan_shomadhan__classes-brown_spot+tungro__eval-dhan_shomadhan__seed2024.csv,2026-07-21T15:42:02.915338+00:00,2026-07-21T15:46:21.990704+00:00
mobilenetv2_100__train-dhan_shomadhan__run-to-riceleafbd__classes-brown_spot+tungro__seed2024__eval-riceleafbd__aug-default,transfer_baseline,mobilenetv2_100,dhan_shomadhan,riceleafbd,brown_spot|tungro,42,2024,default,complete,results/checkpoints/mobilenetv2_100__train-dhan_shomadhan__run-to-riceleafbd__classes-brown_spot+tungro__seed2024.pth,results/predictions/mobilenetv2_100__train-dhan_shomadhan__run-to-riceleafbd__classes-brown_spot+tungro__eval-riceleafbd__seed2024.csv,2026-07-21T15:46:22.020173+00:00,2026-07-21T15:50:05.391348+00:00
efficientnet_b0__train-dhan_shomadhan__run-to-riceleafbd__classes-brown_spot+tungro__seed2024__eval-riceleafbd__aug-default,transfer_baseline,efficientnet_b0,dhan_shomadhan,riceleafbd,brown_spot|tungro,42,2024,default,complete,results/checkpoints/efficientnet_b0__train-dhan_shomadhan__run-to-riceleafbd__classes-brown_spot+tungro__seed2024.pth,results/predictions/efficientnet_b0__train-dhan_shomadhan__run-to-riceleafbd__classes-brown_spot+tungro__eval-riceleafbd__seed2024.csv,2026-07-21T15:50:05.422944+00:00,2026-07-21T15:54:52.539833+00:00
resnet50__train-dhan_shomadhan__run-to-riceleafbd__classes-brown_spot+tungro__seed2024__eval-riceleafbd__aug-default,transfer_baseline,resnet50,dhan_shomadhan,riceleafbd,brown_spot|tungro,42,2024,default,complete,results/checkpoints/resnet50__train-dhan_shomadhan__run-to-riceleafbd__classes-brown_spot+tungro__seed2024.pth,results/predictions/resnet50__train-dhan_shomadhan__run-to-riceleafbd__classes-brown_spot+tungro__eval-riceleafbd__seed2024.csv,2026-07-21T15:54:52.570556+00:00,2026-07-21T15:59:19.309498+00:00
mobilenetv2_100__train-riceleafbd__run-to-brri_rice_disease_pest__classes-healthy+tungro__seed2024__eval-brri_rice_disease_pest__aug-default,transfer_baseline,mobilenetv2_100,riceleafbd,brri_rice_disease_pest,healthy|tungro,42,2024,default,complete,results/checkpoints/mobilenetv2_100__train-riceleafbd__run-to-brri_rice_disease_pest__classes-healthy+tungro__seed2024.pth,results/predictions/mobilenetv2_100__train-riceleafbd__run-to-brri_rice_disease_pest__classes-healthy+tungro__eval-brri_rice_disease_pest__seed2024.csv,2026-07-21T15:59:19.345821+00:00,2026-07-21T16:01:58.070655+00:00
efficientnet_b0__train-riceleafbd__run-to-brri_rice_disease_pest__classes-healthy+tungro__seed2024__eval-brri_rice_disease_pest__aug-default,transfer_baseline,efficientnet_b0,riceleafbd,brri_rice_disease_pest,healthy|tungro,42,2024,default,complete,results/checkpoints/efficientnet_b0__train-riceleafbd__run-to-brri_rice_disease_pest__classes-healthy+tungro__seed2024.pth,results/predictions/efficientnet_b0__train-riceleafbd__run-to-brri_rice_disease_pest__classes-healthy+tungro__eval-brri_rice_disease_pest__seed2024.csv,2026-07-21T16:01:58.103943+00:00,2026-07-21T16:05:34.861763+00:00
resnet50__train-riceleafbd__run-to-brri_rice_disease_pest__classes-healthy+tungro__seed2024__eval-brri_rice_disease_pest__aug-default,transfer_baseline,resnet50,riceleafbd,brri_rice_disease_pest,healthy|tungro,42,2024,default,complete,results/checkpoints/resnet50__train-riceleafbd__run-to-brri_rice_disease_pest__classes-healthy+tungro__seed2024.pth,results/predictions/resnet50__train-riceleafbd__run-to-brri_rice_disease_pest__classes-healthy+tungro__eval-brri_rice_disease_pest__seed2024.csv,2026-07-21T16:05:34.895177+00:00,2026-07-21T16:07:57.011217+00:00
mobilenetv2_100__train-brri_rice_disease_pest__run-to-riceleafbd__classes-healthy+tungro__seed2024__eval-riceleafbd__aug-default,transfer_baseline,mobilenetv2_100,brri_rice_disease_pest,riceleafbd,healthy|tungro,42,2024,default,complete,results/checkpoints/mobilenetv2_100__train-brri_rice_disease_pest__run-to-riceleafbd__classes-healthy+tungro__seed2024.pth,results/predictions/mobilenetv2_100__train-brri_rice_disease_pest__run-to-riceleafbd__classes-healthy+tungro__eval-riceleafbd__seed2024.csv,2026-07-21T16:07:57.045025+00:00,2026-07-21T16:10:55.522981+00:00
efficientnet_b0__train-brri_rice_disease_pest__run-to-riceleafbd__classes-healthy+tungro__seed2024__eval-riceleafbd__aug-default,transfer_baseline,efficientnet_b0,brri_rice_disease_pest,riceleafbd,healthy|tungro,42,2024,default,complete,results/checkpoints/efficientnet_b0__train-brri_rice_disease_pest__run-to-riceleafbd__classes-healthy+tungro__seed2024.pth,results/predictions/efficientnet_b0__train-brri_rice_disease_pest__run-to-riceleafbd__classes-healthy+tungro__eval-riceleafbd__seed2024.csv,2026-07-21T16:10:55.553931+00:00,2026-07-21T16:15:00.466216+00:00
resnet50__train-brri_rice_disease_pest__run-to-riceleafbd__classes-healthy+tungro__seed2024__eval-riceleafbd__aug-default,transfer_baseline,resnet50,brri_rice_disease_pest,riceleafbd,healthy|tungro,42,2024,default,complete,results/checkpoints/resnet50__train-brri_rice_disease_pest__run-to-riceleafbd__classes-healthy+tungro__seed2024.pth,results/predictions/resnet50__train-brri_rice_disease_pest__run-to-riceleafbd__classes-healthy+tungro__eval-riceleafbd__seed2024.csv,2026-07-21T16:15:00.499344+00:00,2026-07-21T16:18:30.898332+00:00
mobilenetv2_100__train-dhan_shomadhan__run-to-brri_rice_disease_pest__classes-rice_blast+scald+tungro__seed2024__eval-brri_rice_disease_pest__aug-default,transfer_baseline,mobilenetv2_100,dhan_shomadhan,brri_rice_disease_pest,rice_blast|scald|tungro,42,2024,default,complete,results/checkpoints/mobilenetv2_100__train-dhan_shomadhan__run-to-brri_rice_disease_pest__classes-rice_blast+scald+tungro__seed2024.pth,results/predictions/mobilenetv2_100__train-dhan_shomadhan__run-to-brri_rice_disease_pest__classes-rice_blast+scald+tungro__eval-brri_rice_disease_pest__seed2024.csv,2026-07-21T16:18:30.931598+00:00,2026-07-21T16:29:52.809590+00:00
efficientnet_b0__train-dhan_shomadhan__run-to-brri_rice_disease_pest__classes-rice_blast+scald+tungro__seed2024__eval-brri_rice_disease_pest__aug-default,transfer_baseline,efficientnet_b0,dhan_shomadhan,brri_rice_disease_pest,rice_blast|scald|tungro,42,2024,default,complete,results/checkpoints/efficientnet_b0__train-dhan_shomadhan__run-to-brri_rice_disease_pest__classes-rice_blast+scald+tungro__seed2024.pth,results/predictions/efficientnet_b0__train-dhan_shomadhan__run-to-brri_rice_disease_pest__classes-rice_blast+scald+tungro__eval-brri_rice_disease_pest__seed2024.csv,2026-07-21T16:29:52.841783+00:00,2026-07-21T16:48:30.902977+00:00
resnet50__train-dhan_shomadhan__run-to-brri_rice_disease_pest__classes-rice_blast+scald+tungro__seed2024__eval-brri_rice_disease_pest__aug-default,transfer_baseline,resnet50,dhan_shomadhan,brri_rice_disease_pest,rice_blast|scald|tungro,42,2024,default,complete,results/checkpoints/resnet50__train-dhan_shomadhan__run-to-brri_rice_disease_pest__classes-rice_blast+scald+tungro__seed2024.pth,results/predictions/resnet50__train-dhan_shomadhan__run-to-brri_rice_disease_pest__classes-rice_blast+scald+tungro__eval-brri_rice_disease_pest__seed2024.csv,2026-07-21T16:48:30.934658+00:00,2026-07-21T17:03:17.948098+00:00
mobilenetv2_100__train-brri_rice_disease_pest__run-to-dhan_shomadhan__classes-rice_blast+scald+tungro__seed2024__eval-dhan_shomadhan__aug-default,transfer_baseline,mobilenetv2_100,brri_rice_disease_pest,dhan_shomadhan,rice_blast|scald|tungro,42,2024,default,complete,results/checkpoints/mobilenetv2_100__train-brri_rice_disease_pest__run-to-dhan_shomadhan__classes-rice_blast+scald+tungro__seed2024.pth,results/predictions/mobilenetv2_100__train-brri_rice_disease_pest__run-to-dhan_shomadhan__classes-rice_blast+scald+tungro__eval-dhan_shomadhan__seed2024.csv,2026-07-21T17:03:17.981071+00:00,2026-07-21T17:13:01.823778+00:00
efficientnet_b0__train-brri_rice_disease_pest__run-to-dhan_shomadhan__classes-rice_blast+scald+tungro__seed2024__eval-dhan_shomadhan__aug-default,transfer_baseline,efficientnet_b0,brri_rice_disease_pest,dhan_shomadhan,rice_blast|scald|tungro,42,2024,default,complete,results/checkpoints/efficientnet_b0__train-brri_rice_disease_pest__run-to-dhan_shomadhan__classes-rice_blast+scald+tungro__seed2024.pth,results/predictions/efficientnet_b0__train-brri_rice_disease_pest__run-to-dhan_shomadhan__classes-rice_blast+scald+tungro__eval-dhan_shomadhan__seed2024.csv,2026-07-21T17:13:01.853235+00:00,2026-07-21T17:25:26.122443+00:00
resnet50__train-brri_rice_disease_pest__run-to-dhan_shomadhan__classes-rice_blast+scald+tungro__seed2024__eval-dhan_shomadhan__aug-default,transfer_baseline,resnet50,brri_rice_disease_pest,dhan_shomadhan,rice_blast|scald|tungro,42,2024,default,complete,results/checkpoints/resnet50__train-brri_rice_disease_pest__run-to-dhan_shomadhan__classes-rice_blast+scald+tungro__seed2024.pth,results/predictions/resnet50__train-brri_rice_disease_pest__run-to-dhan_shomadhan__classes-rice_blast+scald+tungro__eval-dhan_shomadhan__seed2024.csv,2026-07-21T17:25:26.152886+00:00,2026-07-21T17:35:20.178062+00:00
mobilenetv2_100__train-riceleafbd__run-to-dhan_shomadhan__classes-brown_spot+tungro__aug-strong__seed2024__eval-dhan_shomadhan__aug-strong,transfer_aug,mobilenetv2_100,riceleafbd,dhan_shomadhan,brown_spot|tungro,42,2024,strong,complete,results/checkpoints/mobilenetv2_100__train-riceleafbd__run-to-dhan_shomadhan__classes-brown_spot+tungro__aug-strong__seed2024.pth,results/predictions/mobilenetv2_100__train-riceleafbd__run-to-dhan_shomadhan__classes-brown_spot+tungro__aug-strong__eval-dhan_shomadhan__seed2024.csv,2026-07-21T17:35:20.267850+00:00,2026-07-21T17:41:14.454411+00:00
efficientnet_b0__train-riceleafbd__run-to-dhan_shomadhan__classes-brown_spot+tungro__aug-strong__seed2024__eval-dhan_shomadhan__aug-strong,transfer_aug,efficientnet_b0,riceleafbd,dhan_shomadhan,brown_spot|tungro,42,2024,strong,complete,results/checkpoints/efficientnet_b0__train-riceleafbd__run-to-dhan_shomadhan__classes-brown_spot+tungro__aug-strong__seed2024.pth,results/predictions/efficientnet_b0__train-riceleafbd__run-to-dhan_shomadhan__classes-brown_spot+tungro__aug-strong__eval-dhan_shomadhan__seed2024.csv,2026-07-21T17:41:14.486230+00:00,2026-07-21T17:47:01.550517+00:00
resnet50__train-riceleafbd__run-to-dhan_shomadhan__classes-brown_spot+tungro__aug-strong__seed2024__eval-dhan_shomadhan__aug-strong,transfer_aug,resnet50,riceleafbd,dhan_shomadhan,brown_spot|tungro,42,2024,strong,complete,results/checkpoints/resnet50__train-riceleafbd__run-to-dhan_shomadhan__classes-brown_spot+tungro__aug-strong__seed2024.pth,results/predictions/resnet50__train-riceleafbd__run-to-dhan_shomadhan__classes-brown_spot+tungro__aug-strong__eval-dhan_shomadhan__seed2024.csv,2026-07-21T17:47:01.581146+00:00,2026-07-21T17:54:29.603847+00:00
mobilenetv2_100__train-dhan_shomadhan__run-to-riceleafbd__classes-brown_spot+tungro__aug-strong__seed2024__eval-riceleafbd__aug-strong,transfer_aug,mobilenetv2_100,dhan_shomadhan,riceleafbd,brown_spot|tungro,42,2024,strong,complete,results/checkpoints/mobilenetv2_100__train-dhan_shomadhan__run-to-riceleafbd__classes-brown_spot+tungro__aug-strong__seed2024.pth,results/predictions/mobilenetv2_100__train-dhan_shomadhan__run-to-riceleafbd__classes-brown_spot+tungro__aug-strong__eval-riceleafbd__seed2024.csv,2026-07-21T17:54:29.639783+00:00,2026-07-21T17:59:10.916036+00:00
efficientnet_b0__train-dhan_shomadhan__run-to-riceleafbd__classes-brown_spot+tungro__aug-strong__seed2024__eval-riceleafbd__aug-strong,transfer_aug,efficientnet_b0,dhan_shomadhan,riceleafbd,brown_spot|tungro,42,2024,strong,complete,results/checkpoints/efficientnet_b0__train-dhan_shomadhan__run-to-riceleafbd__classes-brown_spot+tungro__aug-strong__seed2024.pth,results/predictions/efficientnet_b0__train-dhan_shomadhan__run-to-riceleafbd__classes-brown_spot+tungro__aug-strong__eval-riceleafbd__seed2024.csv,2026-07-21T17:59:10.947426+00:00,2026-07-21T18:06:31.367759+00:00
resnet50__train-dhan_shomadhan__run-to-riceleafbd__classes-brown_spot+tungro__aug-strong__seed2024__eval-riceleafbd__aug-strong,transfer_aug,resnet50,dhan_shomadhan,riceleafbd,brown_spot|tungro,42,2024,strong,complete,results/checkpoints/resnet50__train-dhan_shomadhan__run-to-riceleafbd__classes-brown_spot+tungro__aug-strong__seed2024.pth,results/predictions/resnet50__train-dhan_shomadhan__run-to-riceleafbd__classes-brown_spot+tungro__aug-strong__eval-riceleafbd__seed2024.csv,2026-07-21T18:06:31.397483+00:00,2026-07-21T18:11:58.883897+00:00
mobilenetv2_100__train-riceleafbd__run-to-brri_rice_disease_pest__classes-healthy+tungro__aug-strong__seed2024__eval-brri_rice_disease_pest__aug-strong,transfer_aug,mobilenetv2_100,riceleafbd,brri_rice_disease_pest,healthy|tungro,42,2024,strong,complete,results/checkpoints/mobilenetv2_100__train-riceleafbd__run-to-brri_rice_disease_pest__classes-healthy+tungro__aug-strong__seed2024.pth,results/predictions/mobilenetv2_100__train-riceleafbd__run-to-brri_rice_disease_pest__classes-healthy+tungro__aug-strong__eval-brri_rice_disease_pest__seed2024.csv,2026-07-21T18:11:58.919062+00:00,2026-07-21T18:15:19.635318+00:00
efficientnet_b0__train-riceleafbd__run-to-brri_rice_disease_pest__classes-healthy+tungro__aug-strong__seed2024__eval-brri_rice_disease_pest__aug-strong,transfer_aug,efficientnet_b0,riceleafbd,brri_rice_disease_pest,healthy|tungro,42,2024,strong,complete,results/checkpoints/efficientnet_b0__train-riceleafbd__run-to-brri_rice_disease_pest__classes-healthy+tungro__aug-strong__seed2024.pth,results/predictions/efficientnet_b0__train-riceleafbd__run-to-brri_rice_disease_pest__classes-healthy+tungro__aug-strong__eval-brri_rice_disease_pest__seed2024.csv,2026-07-21T18:15:19.669967+00:00,2026-07-21T18:18:40.085197+00:00
resnet50__train-riceleafbd__run-to-brri_rice_disease_pest__classes-healthy+tungro__aug-strong__seed2024__eval-brri_rice_disease_pest__aug-strong,transfer_aug,resnet50,riceleafbd,brri_rice_disease_pest,healthy|tungro,42,2024,strong,complete,results/checkpoints/resnet50__train-riceleafbd__run-to-brri_rice_disease_pest__classes-healthy+tungro__aug-strong__seed2024.pth,results/predictions/resnet50__train-riceleafbd__run-to-brri_rice_disease_pest__classes-healthy+tungro__aug-strong__eval-brri_rice_disease_pest__seed2024.csv,2026-07-21T18:18:40.116639+00:00,2026-07-21T18:21:07.867382+00:00
mobilenetv2_100__train-brri_rice_disease_pest__run-to-riceleafbd__classes-healthy+tungro__aug-strong__seed2024__eval-riceleafbd__aug-strong,transfer_aug,mobilenetv2_100,brri_rice_disease_pest,riceleafbd,healthy|tungro,42,2024,strong,complete,results/checkpoints/mobilenetv2_100__train-brri_rice_disease_pest__run-to-riceleafbd__classes-healthy+tungro__aug-strong__seed2024.pth,results/predictions/mobilenetv2_100__train-brri_rice_disease_pest__run-to-riceleafbd__classes-healthy+tungro__aug-strong__eval-riceleafbd__seed2024.csv,2026-07-21T18:21:07.902917+00:00,2026-07-21T18:24:58.171759+00:00
efficientnet_b0__train-brri_rice_disease_pest__run-to-riceleafbd__classes-healthy+tungro__aug-strong__seed2024__eval-riceleafbd__aug-strong,transfer_aug,efficientnet_b0,brri_rice_disease_pest,riceleafbd,healthy|tungro,42,2024,strong,complete,results/checkpoints/efficientnet_b0__train-brri_rice_disease_pest__run-to-riceleafbd__classes-healthy+tungro__aug-strong__seed2024.pth,results/predictions/efficientnet_b0__train-brri_rice_disease_pest__run-to-riceleafbd__classes-healthy+tungro__aug-strong__eval-riceleafbd__seed2024.csv,2026-07-21T18:24:58.204495+00:00,2026-07-21T18:31:44.546850+00:00
resnet50__train-brri_rice_disease_pest__run-to-riceleafbd__classes-healthy+tungro__aug-strong__seed2024__eval-riceleafbd__aug-strong,transfer_aug,resnet50,brri_rice_disease_pest,riceleafbd,healthy|tungro,42,2024,strong,complete,results/checkpoints/resnet50__train-brri_rice_disease_pest__run-to-riceleafbd__classes-healthy+tungro__aug-strong__seed2024.pth,results/predictions/resnet50__train-brri_rice_disease_pest__run-to-riceleafbd__classes-healthy+tungro__aug-strong__eval-riceleafbd__seed2024.csv,2026-07-21T18:31:44.580473+00:00,2026-07-21T18:35:44.549496+00:00
mobilenetv2_100__train-dhan_shomadhan__run-to-brri_rice_disease_pest__classes-rice_blast+scald+tungro__aug-strong__seed2024__eval-brri_rice_disease_pest__aug-strong,transfer_aug,mobilenetv2_100,dhan_shomadhan,brri_rice_disease_pest,rice_blast|scald|tungro,42,2024,strong,complete,results/checkpoints/mobilenetv2_100__train-dhan_shomadhan__run-to-brri_rice_disease_pest__classes-rice_blast+scald+tungro__aug-strong__seed2024.pth,results/predictions/mobilenetv2_100__train-dhan_shomadhan__run-to-brri_rice_disease_pest__classes-rice_blast+scald+tungro__aug-strong__eval-brri_rice_disease_pest__seed2024.csv,2026-07-21T18:35:44.586210+00:00,2026-07-21T18:42:32.122701+00:00
efficientnet_b0__train-dhan_shomadhan__run-to-brri_rice_disease_pest__classes-rice_blast+scald+tungro__aug-strong__seed2024__eval-brri_rice_disease_pest__aug-strong,transfer_aug,efficientnet_b0,dhan_shomadhan,brri_rice_disease_pest,rice_blast|scald|tungro,42,2024,strong,complete,results/checkpoints/efficientnet_b0__train-dhan_shomadhan__run-to-brri_rice_disease_pest__classes-rice_blast+scald+tungro__aug-strong__seed2024.pth,results/predictions/efficientnet_b0__train-dhan_shomadhan__run-to-brri_rice_disease_pest__classes-rice_blast+scald+tungro__aug-strong__eval-brri_rice_disease_pest__seed2024.csv,2026-07-21T18:42:32.156701+00:00,2026-07-22T13:42:57.220836+00:00
resnet50__train-dhan_shomadhan__run-to-brri_rice_disease_pest__classes-rice_blast+scald+tungro__aug-strong__seed2024__eval-brri_rice_disease_pest__aug-strong,transfer_aug,resnet50,dhan_shomadhan,brri_rice_disease_pest,rice_blast|scald|tungro,42,2024,strong,complete,results/checkpoints/resnet50__train-dhan_shomadhan__run-to-brri_rice_disease_pest__classes-rice_blast+scald+tungro__aug-strong__seed2024.pth,results/predictions/resnet50__train-dhan_shomadhan__run-to-brri_rice_disease_pest__classes-rice_blast+scald+tungro__aug-strong__eval-brri_rice_disease_pest__seed2024.csv,2026-07-22T13:42:57.246358+00:00,2026-07-22T14:01:31.143330+00:00
mobilenetv2_100__train-brri_rice_disease_pest__run-to-dhan_shomadhan__classes-rice_blast+scald+tungro__aug-strong__seed2024__eval-dhan_shomadhan__aug-strong,transfer_aug,mobilenetv2_100,brri_rice_disease_pest,dhan_shomadhan,rice_blast|scald|tungro,42,2024,strong,complete,results/checkpoints/mobilenetv2_100__train-brri_rice_disease_pest__run-to-dhan_shomadhan__classes-rice_blast+scald+tungro__aug-strong__seed2024.pth,results/predictions/mobilenetv2_100__train-brri_rice_disease_pest__run-to-dhan_shomadhan__classes-rice_blast+scald+tungro__aug-strong__eval-dhan_shomadhan__seed2024.csv,2026-07-22T14:01:31.171280+00:00,2026-07-22T14:13:18.756167+00:00
efficientnet_b0__train-brri_rice_disease_pest__run-to-dhan_shomadhan__classes-rice_blast+scald+tungro__aug-strong__seed2024__eval-dhan_shomadhan__aug-strong,transfer_aug,efficientnet_b0,brri_rice_disease_pest,dhan_shomadhan,rice_blast|scald|tungro,42,2024,strong,complete,results/checkpoints/efficientnet_b0__train-brri_rice_disease_pest__run-to-dhan_shomadhan__classes-rice_blast+scald+tungro__aug-strong__seed2024.pth,results/predictions/efficientnet_b0__train-brri_rice_disease_pest__run-to-dhan_shomadhan__classes-rice_blast+scald+tungro__aug-strong__eval-dhan_shomadhan__seed2024.csv,2026-07-22T14:13:18.779628+00:00,2026-07-22T14:23:13.545626+00:00
resnet50__train-brri_rice_disease_pest__run-to-dhan_shomadhan__classes-rice_blast+scald+tungro__aug-strong__seed2024__eval-dhan_shomadhan__aug-strong,transfer_aug,resnet50,brri_rice_disease_pest,dhan_shomadhan,rice_blast|scald|tungro,42,2024,strong,complete,results/checkpoints/resnet50__train-brri_rice_disease_pest__run-to-dhan_shomadhan__classes-rice_blast+scald+tungro__aug-strong__seed2024.pth,results/predictions/resnet50__train-brri_rice_disease_pest__run-to-dhan_shomadhan__classes-rice_blast+scald+tungro__aug-strong__eval-dhan_shomadhan__seed2024.csv,2026-07-22T14:23:13.572435+00:00,2026-07-22T14:33:09.550135+00:00
mobilenetv2_100__train-dhan_shomadhan+brri_rice_disease_pest__run-lodo-holdout-riceleafbd__seed2024__eval-riceleafbd__aug-default,lodo,mobilenetv2_100,dhan_shomadhan+brri_rice_disease_pest,riceleafbd,brown_spot|healthy|tungro,42,2024,default,complete,results/checkpoints/mobilenetv2_100__train-dhan_shomadhan+brri_rice_disease_pest__run-lodo-holdout-riceleafbd__seed2024.pth,results/predictions/mobilenetv2_100__train-dhan_shomadhan+brri_rice_disease_pest__run-lodo-holdout-riceleafbd__eval-riceleafbd__seed2024.csv,2026-07-22T14:33:09.637662+00:00,2026-07-22T14:38:05.125112+00:00
efficientnet_b0__train-dhan_shomadhan+brri_rice_disease_pest__run-lodo-holdout-riceleafbd__seed2024__eval-riceleafbd__aug-default,lodo,efficientnet_b0,dhan_shomadhan+brri_rice_disease_pest,riceleafbd,brown_spot|healthy|tungro,42,2024,default,complete,results/checkpoints/efficientnet_b0__train-dhan_shomadhan+brri_rice_disease_pest__run-lodo-holdout-riceleafbd__seed2024.pth,results/predictions/efficientnet_b0__train-dhan_shomadhan+brri_rice_disease_pest__run-lodo-holdout-riceleafbd__eval-riceleafbd__seed2024.csv,2026-07-22T14:38:05.149483+00:00,2026-07-22T14:43:58.096359+00:00
resnet50__train-dhan_shomadhan+brri_rice_disease_pest__run-lodo-holdout-riceleafbd__seed2024__eval-riceleafbd__aug-default,lodo,resnet50,dhan_shomadhan+brri_rice_disease_pest,riceleafbd,brown_spot|healthy|tungro,42,2024,default,complete,results/checkpoints/resnet50__train-dhan_shomadhan+brri_rice_disease_pest__run-lodo-holdout-riceleafbd__seed2024.pth,results/predictions/resnet50__train-dhan_shomadhan+brri_rice_disease_pest__run-lodo-holdout-riceleafbd__eval-riceleafbd__seed2024.csv,2026-07-22T14:43:58.120228+00:00,2026-07-22T14:56:33.034854+00:00
mobilenetv2_100__train-riceleafbd+brri_rice_disease_pest__run-lodo-holdout-dhan_shomadhan__seed2024__eval-dhan_shomadhan__aug-default,lodo,mobilenetv2_100,riceleafbd+brri_rice_disease_pest,dhan_shomadhan,brown_spot|rice_blast|scald|tungro,42,2024,default,complete,results/checkpoints/mobilenetv2_100__train-riceleafbd+brri_rice_disease_pest__run-lodo-holdout-dhan_shomadhan__seed2024.pth,results/predictions/mobilenetv2_100__train-riceleafbd+brri_rice_disease_pest__run-lodo-holdout-dhan_shomadhan__eval-dhan_shomadhan__seed2024.csv,2026-07-22T14:56:33.059535+00:00,2026-07-22T15:13:22.223362+00:00
efficientnet_b0__train-riceleafbd+brri_rice_disease_pest__run-lodo-holdout-dhan_shomadhan__seed2024__eval-dhan_shomadhan__aug-default,lodo,efficientnet_b0,riceleafbd+brri_rice_disease_pest,dhan_shomadhan,brown_spot|rice_blast|scald|tungro,42,2024,default,complete,results/checkpoints/efficientnet_b0__train-riceleafbd+brri_rice_disease_pest__run-lodo-holdout-dhan_shomadhan__seed2024.pth,results/predictions/efficientnet_b0__train-riceleafbd+brri_rice_disease_pest__run-lodo-holdout-dhan_shomadhan__eval-dhan_shomadhan__seed2024.csv,2026-07-22T15:13:22.246389+00:00,2026-07-22T15:24:01.522537+00:00
resnet50__train-riceleafbd+brri_rice_disease_pest__run-lodo-holdout-dhan_shomadhan__seed2024__eval-dhan_shomadhan__aug-default,lodo,resnet50,riceleafbd+brri_rice_disease_pest,dhan_shomadhan,brown_spot|rice_blast|scald|tungro,42,2024,default,complete,results/checkpoints/resnet50__train-riceleafbd+brri_rice_disease_pest__run-lodo-holdout-dhan_shomadhan__seed2024.pth,results/predictions/resnet50__train-riceleafbd+brri_rice_disease_pest__run-lodo-holdout-dhan_shomadhan__eval-dhan_shomadhan__seed2024.csv,2026-07-22T15:24:01.546032+00:00,2026-07-22T15:34:53.083798+00:00
mobilenetv2_100__train-riceleafbd+dhan_shomadhan__run-lodo-holdout-brri_rice_disease_pest__seed2024__eval-brri_rice_disease_pest__aug-default,lodo,mobilenetv2_100,riceleafbd+dhan_shomadhan,brri_rice_disease_pest,healthy|rice_blast|scald|tungro,42,2024,default,complete,results/checkpoints/mobilenetv2_100__train-riceleafbd+dhan_shomadhan__run-lodo-holdout-brri_rice_disease_pest__seed2024.pth,results/predictions/mobilenetv2_100__train-riceleafbd+dhan_shomadhan__run-lodo-holdout-brri_rice_disease_pest__eval-brri_rice_disease_pest__seed2024.csv,2026-07-22T15:34:53.109628+00:00,2026-07-22T15:57:34.405982+00:00
efficientnet_b0__train-riceleafbd+dhan_shomadhan__run-lodo-holdout-brri_rice_disease_pest__seed2024__eval-brri_rice_disease_pest__aug-default,lodo,efficientnet_b0,riceleafbd+dhan_shomadhan,brri_rice_disease_pest,healthy|rice_blast|scald|tungro,42,2024,default,complete,results/checkpoints/efficientnet_b0__train-riceleafbd+dhan_shomadhan__run-lodo-holdout-brri_rice_disease_pest__seed2024.pth,results/predictions/efficientnet_b0__train-riceleafbd+dhan_shomadhan__run-lodo-holdout-brri_rice_disease_pest__eval-brri_rice_disease_pest__seed2024.csv,2026-07-22T15:57:34.432323+00:00,2026-07-22T16:21:56.714805+00:00
resnet50__train-riceleafbd+dhan_shomadhan__run-lodo-holdout-brri_rice_disease_pest__seed2024__eval-brri_rice_disease_pest__aug-default,lodo,resnet50,riceleafbd+dhan_shomadhan,brri_rice_disease_pest,healthy|rice_blast|scald|tungro,42,2024,default,complete,results/checkpoints/resnet50__train-riceleafbd+dhan_shomadhan__run-lodo-holdout-brri_rice_disease_pest__seed2024.pth,results/predictions/resnet50__train-riceleafbd+dhan_shomadhan__run-lodo-holdout-brri_rice_disease_pest__eval-brri_rice_disease_pest__seed2024.csv,2026-07-22T16:21:56.740456+00:00,2026-07-22T16:36:15.302524+00:00
