target_dataset,model,baseline_single_source_macro_f1,aug_single_source_macro_f1,lodo_macro_f1,lodo_vs_single_source,aug_vs_single_source
brri_rice_disease_pest,efficientnet_b0,0.3674608641701086,0.3873469774214665,0.1262853692201518,-0.2411754949499568,0.019886113251357918
brri_rice_disease_pest,mobilenetv2_100,0.31430263362177846,0.42419782354264923,0.2156236674014905,-0.09867896622028796,0.10989518992087077
brri_rice_disease_pest,resnet50,0.4990464639606027,0.646072113839111,0.2671051489246558,-0.2319413150359469,0.1470256498785083
dhan_shomadhan,efficientnet_b0,0.31724031906669475,0.41079712362392096,0.4886681483310696,0.17142782926437483,0.0935568045572262
dhan_shomadhan,mobilenetv2_100,0.4594474153297683,0.4840086636939303,0.3211830763792588,-0.1382643389505095,0.024561248364162014
dhan_shomadhan,resnet50,0.4987606624570732,0.5152216543520891,0.3950827398408043,-0.1036779226162689,0.01646099189501593
riceleafbd,efficientnet_b0,0.47403718204205403,0.5723644480670192,0.5410355796945202,0.06699839765246618,0.09832726602496522
riceleafbd,mobilenetv2_100,0.5492526490150653,0.42338765990726773,0.5744116037219485,0.02515895470688323,-0.1258649891077976
riceleafbd,resnet50,0.44775016236719756,0.6664065598747784,0.3831530788052528,-0.06459708356194477,0.2186563975075808
