model,train_dataset,test_dataset,seed,augmentation,in_macro_f1,cross_macro_f1,gap,checkpoint_path
mobilenetv2_100,riceleafbd,dhan_shomadhan,42,strong,0.9122,0.5719,0.3404,results/checkpoints/mobilenetv2_100__train-riceleafbd__run-to-dhan_shomadhan__classes-brown_spot+tungro__aug-strong__seed42.pth
efficientnet_b0,riceleafbd,dhan_shomadhan,42,strong,0.9688,0.4205,0.5484,results/checkpoints/efficientnet_b0__train-riceleafbd__run-to-dhan_shomadhan__classes-brown_spot+tungro__aug-strong__seed42.pth
resnet50,riceleafbd,dhan_shomadhan,42,strong,0.9609,0.5744,0.3865,results/checkpoints/resnet50__train-riceleafbd__run-to-dhan_shomadhan__classes-brown_spot+tungro__aug-strong__seed42.pth
mobilenetv2_100,dhan_shomadhan,riceleafbd,42,strong,0.96,0.5737,0.3863,results/checkpoints/mobilenetv2_100__train-dhan_shomadhan__run-to-riceleafbd__classes-brown_spot+tungro__aug-strong__seed42.pth
efficientnet_b0,dhan_shomadhan,riceleafbd,42,strong,0.8401,0.676,0.1641,results/checkpoints/efficientnet_b0__train-dhan_shomadhan__run-to-riceleafbd__classes-brown_spot+tungro__aug-strong__seed42.pth
resnet50,dhan_shomadhan,riceleafbd,42,strong,0.8381,0.6169,0.2212,results/checkpoints/resnet50__train-dhan_shomadhan__run-to-riceleafbd__classes-brown_spot+tungro__aug-strong__seed42.pth
mobilenetv2_100,riceleafbd,brri_rice_disease_pest,42,strong,0.971,0.5039,0.467,results/checkpoints/mobilenetv2_100__train-riceleafbd__run-to-brri_rice_disease_pest__classes-healthy+tungro__aug-strong__seed42.pth
efficientnet_b0,riceleafbd,brri_rice_disease_pest,42,strong,0.9903,0.4518,0.5385,results/checkpoints/efficientnet_b0__train-riceleafbd__run-to-brri_rice_disease_pest__classes-healthy+tungro__aug-strong__seed42.pth
resnet50,riceleafbd,brri_rice_disease_pest,42,strong,1.0,0.7188,0.2812,results/checkpoints/resnet50__train-riceleafbd__run-to-brri_rice_disease_pest__classes-healthy+tungro__aug-strong__seed42.pth
mobilenetv2_100,brri_rice_disease_pest,riceleafbd,42,strong,0.8277,0.2731,0.5546,results/checkpoints/mobilenetv2_100__train-brri_rice_disease_pest__run-to-riceleafbd__classes-healthy+tungro__aug-strong__seed42.pth
efficientnet_b0,brri_rice_disease_pest,riceleafbd,42,strong,0.7584,0.4687,0.2897,results/checkpoints/efficientnet_b0__train-brri_rice_disease_pest__run-to-riceleafbd__classes-healthy+tungro__aug-strong__seed42.pth
resnet50,brri_rice_disease_pest,riceleafbd,42,strong,0.8594,0.7159,0.1436,results/checkpoints/resnet50__train-brri_rice_disease_pest__run-to-riceleafbd__classes-healthy+tungro__aug-strong__seed42.pth
mobilenetv2_100,dhan_shomadhan,brri_rice_disease_pest,42,strong,0.5716,0.3444,0.2272,results/checkpoints/mobilenetv2_100__train-dhan_shomadhan__run-to-brri_rice_disease_pest__classes-rice_blast+scald+tungro__aug-strong__seed42.pth
efficientnet_b0,dhan_shomadhan,brri_rice_disease_pest,42,strong,0.6696,0.3229,0.3467,results/checkpoints/efficientnet_b0__train-dhan_shomadhan__run-to-brri_rice_disease_pest__classes-rice_blast+scald+tungro__aug-strong__seed42.pth
resnet50,dhan_shomadhan,brri_rice_disease_pest,42,strong,0.6167,0.5733,0.0434,results/checkpoints/resnet50__train-dhan_shomadhan__run-to-brri_rice_disease_pest__classes-rice_blast+scald+tungro__aug-strong__seed42.pth
mobilenetv2_100,brri_rice_disease_pest,dhan_shomadhan,42,strong,0.7094,0.3962,0.3132,results/checkpoints/mobilenetv2_100__train-brri_rice_disease_pest__run-to-dhan_shomadhan__classes-rice_blast+scald+tungro__aug-strong__seed42.pth
efficientnet_b0,brri_rice_disease_pest,dhan_shomadhan,42,strong,0.7506,0.4011,0.3495,results/checkpoints/efficientnet_b0__train-brri_rice_disease_pest__run-to-dhan_shomadhan__classes-rice_blast+scald+tungro__aug-strong__seed42.pth
resnet50,brri_rice_disease_pest,dhan_shomadhan,42,strong,0.8421,0.456,0.3861,results/checkpoints/resnet50__train-brri_rice_disease_pest__run-to-dhan_shomadhan__classes-rice_blast+scald+tungro__aug-strong__seed42.pth
mobilenetv2_100,riceleafbd,dhan_shomadhan,7,default,0.9301,0.6357,0.2943,results/checkpoints/mobilenetv2_100__train-riceleafbd__run-to-dhan_shomadhan__classes-brown_spot+tungro__seed7.pth
efficientnet_b0,riceleafbd,dhan_shomadhan,7,default,0.9453,0.4093,0.536,results/checkpoints/efficientnet_b0__train-riceleafbd__run-to-dhan_shomadhan__classes-brown_spot+tungro__seed7.pth
resnet50,riceleafbd,dhan_shomadhan,7,default,0.9532,0.4698,0.4835,results/checkpoints/resnet50__train-riceleafbd__run-to-dhan_shomadhan__classes-brown_spot+tungro__seed7.pth
mobilenetv2_100,dhan_shomadhan,riceleafbd,7,default,0.8593,0.4885,0.3708,results/checkpoints/mobilenetv2_100__train-dhan_shomadhan__run-to-riceleafbd__classes-brown_spot+tungro__seed7.pth
efficientnet_b0,dhan_shomadhan,riceleafbd,7,default,0.8416,0.6249,0.2167,results/checkpoints/efficientnet_b0__train-dhan_shomadhan__run-to-riceleafbd__classes-brown_spot+tungro__seed7.pth
resnet50,dhan_shomadhan,riceleafbd,7,default,0.9177,0.6058,0.312,results/checkpoints/resnet50__train-dhan_shomadhan__run-to-riceleafbd__classes-brown_spot+tungro__seed7.pth
mobilenetv2_100,riceleafbd,brri_rice_disease_pest,7,default,0.9808,0.3059,0.6748,results/checkpoints/mobilenetv2_100__train-riceleafbd__run-to-brri_rice_disease_pest__classes-healthy+tungro__seed7.pth
efficientnet_b0,riceleafbd,brri_rice_disease_pest,7,default,1.0,0.4149,0.5851,results/checkpoints/efficientnet_b0__train-riceleafbd__run-to-brri_rice_disease_pest__classes-healthy+tungro__seed7.pth
resnet50,riceleafbd,brri_rice_disease_pest,7,default,0.9903,0.5893,0.401,results/checkpoints/resnet50__train-riceleafbd__run-to-brri_rice_disease_pest__classes-healthy+tungro__seed7.pth
mobilenetv2_100,brri_rice_disease_pest,riceleafbd,7,default,0.823,0.4382,0.3848,results/checkpoints/mobilenetv2_100__train-brri_rice_disease_pest__run-to-riceleafbd__classes-healthy+tungro__seed7.pth
efficientnet_b0,brri_rice_disease_pest,riceleafbd,7,default,0.8335,0.443,0.3905,results/checkpoints/efficientnet_b0__train-brri_rice_disease_pest__run-to-riceleafbd__classes-healthy+tungro__seed7.pth
resnet50,brri_rice_disease_pest,riceleafbd,7,default,0.8508,0.4418,0.409,results/checkpoints/resnet50__train-brri_rice_disease_pest__run-to-riceleafbd__classes-healthy+tungro__seed7.pth
mobilenetv2_100,dhan_shomadhan,brri_rice_disease_pest,7,default,0.6382,0.3331,0.3051,results/checkpoints/mobilenetv2_100__train-dhan_shomadhan__run-to-brri_rice_disease_pest__classes-rice_blast+scald+tungro__seed7.pth
efficientnet_b0,dhan_shomadhan,brri_rice_disease_pest,7,default,0.6692,0.2594,0.4098,results/checkpoints/efficientnet_b0__train-dhan_shomadhan__run-to-brri_rice_disease_pest__classes-rice_blast+scald+tungro__seed7.pth
resnet50,dhan_shomadhan,brri_rice_disease_pest,7,default,0.6114,0.3555,0.2558,results/checkpoints/resnet50__train-dhan_shomadhan__run-to-brri_rice_disease_pest__classes-rice_blast+scald+tungro__seed7.pth
mobilenetv2_100,brri_rice_disease_pest,dhan_shomadhan,7,default,0.6996,0.3724,0.3272,results/checkpoints/mobilenetv2_100__train-brri_rice_disease_pest__run-to-dhan_shomadhan__classes-rice_blast+scald+tungro__seed7.pth
efficientnet_b0,brri_rice_disease_pest,dhan_shomadhan,7,default,0.7115,0.3367,0.3749,results/checkpoints/efficientnet_b0__train-brri_rice_disease_pest__run-to-dhan_shomadhan__classes-rice_blast+scald+tungro__seed7.pth
resnet50,brri_rice_disease_pest,dhan_shomadhan,7,default,0.805,0.5178,0.2872,results/checkpoints/resnet50__train-brri_rice_disease_pest__run-to-dhan_shomadhan__classes-rice_blast+scald+tungro__seed7.pth
mobilenetv2_100,riceleafbd,dhan_shomadhan,7,strong,0.9373,0.6062,0.3311,results/checkpoints/mobilenetv2_100__train-riceleafbd__run-to-dhan_shomadhan__classes-brown_spot+tungro__aug-strong__seed7.pth
efficientnet_b0,riceleafbd,dhan_shomadhan,7,strong,0.9537,0.4551,0.4986,results/checkpoints/efficientnet_b0__train-riceleafbd__run-to-dhan_shomadhan__classes-brown_spot+tungro__aug-strong__seed7.pth
resnet50,riceleafbd,dhan_shomadhan,7,strong,0.9532,0.575,0.3782,results/checkpoints/resnet50__train-riceleafbd__run-to-dhan_shomadhan__classes-brown_spot+tungro__aug-strong__seed7.pth
mobilenetv2_100,dhan_shomadhan,riceleafbd,7,strong,0.9177,0.557,0.3607,results/checkpoints/mobilenetv2_100__train-dhan_shomadhan__run-to-riceleafbd__classes-brown_spot+tungro__aug-strong__seed7.pth
efficientnet_b0,dhan_shomadhan,riceleafbd,7,strong,0.919,0.583,0.336,results/checkpoints/efficientnet_b0__train-dhan_shomadhan__run-to-riceleafbd__classes-brown_spot+tungro__aug-strong__seed7.pth
resnet50,dhan_shomadhan,riceleafbd,7,strong,0.8742,0.524,0.3502,results/checkpoints/resnet50__train-dhan_shomadhan__run-to-riceleafbd__classes-brown_spot+tungro__aug-strong__seed7.pth
mobilenetv2_100,riceleafbd,brri_rice_disease_pest,7,strong,0.9903,0.4562,0.5342,results/checkpoints/mobilenetv2_100__train-riceleafbd__run-to-brri_rice_disease_pest__classes-healthy+tungro__aug-strong__seed7.pth
efficientnet_b0,riceleafbd,brri_rice_disease_pest,7,strong,1.0,0.5226,0.4774,results/checkpoints/efficientnet_b0__train-riceleafbd__run-to-brri_rice_disease_pest__classes-healthy+tungro__aug-strong__seed7.pth
resnet50,riceleafbd,brri_rice_disease_pest,7,strong,1.0,0.3981,0.6019,results/checkpoints/resnet50__train-riceleafbd__run-to-brri_rice_disease_pest__classes-healthy+tungro__aug-strong__seed7.pth
mobilenetv2_100,brri_rice_disease_pest,riceleafbd,7,strong,0.8199,0.5895,0.2304,results/checkpoints/mobilenetv2_100__train-brri_rice_disease_pest__run-to-riceleafbd__classes-healthy+tungro__aug-strong__seed7.pth
efficientnet_b0,brri_rice_disease_pest,riceleafbd,7,strong,0.8174,0.5774,0.24,results/checkpoints/efficientnet_b0__train-brri_rice_disease_pest__run-to-riceleafbd__classes-healthy+tungro__aug-strong__seed7.pth
resnet50,brri_rice_disease_pest,riceleafbd,7,strong,0.8534,0.7659,0.0875,results/checkpoints/resnet50__train-brri_rice_disease_pest__run-to-riceleafbd__classes-healthy+tungro__aug-strong__seed7.pth
mobilenetv2_100,dhan_shomadhan,brri_rice_disease_pest,7,strong,0.6438,0.3335,0.3103,results/checkpoints/mobilenetv2_100__train-dhan_shomadhan__run-to-brri_rice_disease_pest__classes-rice_blast+scald+tungro__aug-strong__seed7.pth
efficientnet_b0,dhan_shomadhan,brri_rice_disease_pest,7,strong,0.6602,0.3569,0.3032,results/checkpoints/efficientnet_b0__train-dhan_shomadhan__run-to-brri_rice_disease_pest__classes-rice_blast+scald+tungro__aug-strong__seed7.pth
resnet50,dhan_shomadhan,brri_rice_disease_pest,7,strong,0.6854,0.4532,0.2322,results/checkpoints/resnet50__train-dhan_shomadhan__run-to-brri_rice_disease_pest__classes-rice_blast+scald+tungro__aug-strong__seed7.pth
mobilenetv2_100,brri_rice_disease_pest,dhan_shomadhan,7,strong,0.7216,0.4373,0.2842,results/checkpoints/mobilenetv2_100__train-brri_rice_disease_pest__run-to-dhan_shomadhan__classes-rice_blast+scald+tungro__aug-strong__seed7.pth
efficientnet_b0,brri_rice_disease_pest,dhan_shomadhan,7,strong,0.7543,0.3431,0.4112,results/checkpoints/efficientnet_b0__train-brri_rice_disease_pest__run-to-dhan_shomadhan__classes-rice_blast+scald+tungro__aug-strong__seed7.pth
resnet50,brri_rice_disease_pest,dhan_shomadhan,7,strong,0.8272,0.5096,0.3176,results/checkpoints/resnet50__train-brri_rice_disease_pest__run-to-dhan_shomadhan__classes-rice_blast+scald+tungro__aug-strong__seed7.pth
mobilenetv2_100,riceleafbd,dhan_shomadhan,2024,default,0.9296,0.3768,0.5528,results/checkpoints/mobilenetv2_100__train-riceleafbd__run-to-dhan_shomadhan__classes-brown_spot+tungro__seed2024.pth
efficientnet_b0,riceleafbd,dhan_shomadhan,2024,default,0.9065,0.4966,0.4098,results/checkpoints/efficientnet_b0__train-riceleafbd__run-to-dhan_shomadhan__classes-brown_spot+tungro__seed2024.pth
resnet50,riceleafbd,dhan_shomadhan,2024,default,0.9453,0.4491,0.4962,results/checkpoints/resnet50__train-riceleafbd__run-to-dhan_shomadhan__classes-brown_spot+tungro__seed2024.pth
mobilenetv2_100,dhan_shomadhan,riceleafbd,2024,default,0.8091,0.6951,0.114,results/checkpoints/mobilenetv2_100__train-dhan_shomadhan__run-to-riceleafbd__classes-brown_spot+tungro__seed2024.pth
efficientnet_b0,dhan_shomadhan,riceleafbd,2024,default,0.9177,0.6367,0.2811,results/checkpoints/efficientnet_b0__train-dhan_shomadhan__run-to-riceleafbd__classes-brown_spot+tungro__seed2024.pth
resnet50,dhan_shomadhan,riceleafbd,2024,default,0.898,0.599,0.299,results/checkpoints/resnet50__train-dhan_shomadhan__run-to-riceleafbd__classes-brown_spot+tungro__seed2024.pth
mobilenetv2_100,riceleafbd,brri_rice_disease_pest,2024,default,0.9903,0.2209,0.7695,results/checkpoints/mobilenetv2_100__train-riceleafbd__run-to-brri_rice_disease_pest__classes-healthy+tungro__seed2024.pth
efficientnet_b0,riceleafbd,brri_rice_disease_pest,2024,default,1.0,0.346,0.654,results/checkpoints/efficientnet_b0__train-riceleafbd__run-to-brri_rice_disease_pest__classes-healthy+tungro__seed2024.pth
resnet50,riceleafbd,brri_rice_disease_pest,2024,default,0.9808,0.5344,0.4464,results/checkpoints/resnet50__train-riceleafbd__run-to-brri_rice_disease_pest__classes-healthy+tungro__seed2024.pth
mobilenetv2_100,brri_rice_disease_pest,riceleafbd,2024,default,0.815,0.5978,0.2172,results/checkpoints/mobilenetv2_100__train-brri_rice_disease_pest__run-to-riceleafbd__classes-healthy+tungro__seed2024.pth
efficientnet_b0,brri_rice_disease_pest,riceleafbd,2024,default,0.8943,0.6546,0.2397,results/checkpoints/efficientnet_b0__train-brri_rice_disease_pest__run-to-riceleafbd__classes-healthy+tungro__seed2024.pth
resnet50,brri_rice_disease_pest,riceleafbd,2024,default,0.7829,0.2866,0.4963,results/checkpoints/resnet50__train-brri_rice_disease_pest__run-to-riceleafbd__classes-healthy+tungro__seed2024.pth
mobilenetv2_100,dhan_shomadhan,brri_rice_disease_pest,2024,default,0.6543,0.3217,0.3326,results/checkpoints/mobilenetv2_100__train-dhan_shomadhan__run-to-brri_rice_disease_pest__classes-rice_blast+scald+tungro__seed2024.pth
efficientnet_b0,dhan_shomadhan,brri_rice_disease_pest,2024,default,0.6192,0.2231,0.3961,results/checkpoints/efficientnet_b0__train-dhan_shomadhan__run-to-brri_rice_disease_pest__classes-rice_blast+scald+tungro__seed2024.pth
resnet50,dhan_shomadhan,brri_rice_disease_pest,2024,default,0.6085,0.3939,0.2146,results/checkpoints/resnet50__train-dhan_shomadhan__run-to-brri_rice_disease_pest__classes-rice_blast+scald+tungro__seed2024.pth
mobilenetv2_100,brri_rice_disease_pest,dhan_shomadhan,2024,default,0.6936,0.3806,0.313,results/checkpoints/mobilenetv2_100__train-brri_rice_disease_pest__run-to-dhan_shomadhan__classes-rice_blast+scald+tungro__seed2024.pth
efficientnet_b0,brri_rice_disease_pest,dhan_shomadhan,2024,default,0.7482,0.3609,0.3873,results/checkpoints/efficientnet_b0__train-brri_rice_disease_pest__run-to-dhan_shomadhan__classes-rice_blast+scald+tungro__seed2024.pth
resnet50,brri_rice_disease_pest,dhan_shomadhan,2024,default,0.7809,0.5615,0.2194,results/checkpoints/resnet50__train-brri_rice_disease_pest__run-to-dhan_shomadhan__classes-rice_blast+scald+tungro__seed2024.pth
mobilenetv2_100,riceleafbd,dhan_shomadhan,2024,strong,0.9686,0.4436,0.525,results/checkpoints/mobilenetv2_100__train-riceleafbd__run-to-dhan_shomadhan__classes-brown_spot+tungro__aug-strong__seed2024.pth
efficientnet_b0,dhan_shomadhan,brri_rice_disease_pest,2024,strong,0.6639,0.3663,0.2976,results/checkpoints/efficientnet_b0__train-dhan_shomadhan__run-to-brri_rice_disease_pest__classes-rice_blast+scald+tungro__aug-strong__seed2024.pth
resnet50,dhan_shomadhan,brri_rice_disease_pest,2024,strong,0.6069,0.4913,0.1156,results/checkpoints/resnet50__train-dhan_shomadhan__run-to-brri_rice_disease_pest__classes-rice_blast+scald+tungro__aug-strong__seed2024.pth
mobilenetv2_100,brri_rice_disease_pest,dhan_shomadhan,2024,strong,0.746,0.3811,0.3649,results/checkpoints/mobilenetv2_100__train-brri_rice_disease_pest__run-to-dhan_shomadhan__classes-rice_blast+scald+tungro__aug-strong__seed2024.pth
efficientnet_b0,brri_rice_disease_pest,dhan_shomadhan,2024,strong,0.7732,0.4533,0.3199,results/checkpoints/efficientnet_b0__train-brri_rice_disease_pest__run-to-dhan_shomadhan__classes-rice_blast+scald+tungro__aug-strong__seed2024.pth
resnet50,brri_rice_disease_pest,dhan_shomadhan,2024,strong,0.8244,0.5392,0.2852,results/checkpoints/resnet50__train-brri_rice_disease_pest__run-to-dhan_shomadhan__classes-rice_blast+scald+tungro__aug-strong__seed2024.pth
