train_dataset,test_dataset,model,seed,augmentation,in_macro_f1,cross_macro_f1,gap
riceleafbd,dhan_shomadhan,mobilenetv2_100,42,default,0.9078947368421052,0.5098039215686274,0.3980908152734779
dhan_shomadhan,riceleafbd,mobilenetv2_100,42,default,0.8164734106357456,0.525886946189102,0.2905864644466436
riceleafbd,brri_rice_disease_pest,mobilenetv2_100,42,default,0.962012987012987,0.3330591584941474,0.6289538285188395
brri_rice_disease_pest,riceleafbd,mobilenetv2_100,42,default,0.7673992673992673,0.5726183518410286,0.1947809155582387
dhan_shomadhan,brri_rice_disease_pest,mobilenetv2_100,42,default,0.6088069636456733,0.2955461087494095,0.3132608548962637
brri_rice_disease_pest,dhan_shomadhan,mobilenetv2_100,42,default,0.6422913042382069,0.4090909090909091,0.2332003951472978
riceleafbd,dhan_shomadhan,efficientnet_b0,42,default,0.9532348804500704,0.3830645161290322,0.5701703643210381
dhan_shomadhan,riceleafbd,efficientnet_b0,42,default,0.8962148962148961,0.5239925768822906,0.3722223193326055
riceleafbd,brri_rice_disease_pest,efficientnet_b0,42,default,0.9807692307692308,0.3749440715883669,0.6058251591808639
brri_rice_disease_pest,riceleafbd,efficientnet_b0,42,default,0.8816770186335404,0.4240817872018175,0.4575952314317229
dhan_shomadhan,brri_rice_disease_pest,efficientnet_b0,42,default,0.6732500292948984,0.3599776567518503,0.3132723725430481
brri_rice_disease_pest,dhan_shomadhan,efficientnet_b0,42,default,0.7000740101147156,0.2514161220043573,0.4486578881103583
riceleafbd,dhan_shomadhan,resnet50,42,default,0.929642038441192,0.4705882352941176,0.4590538031470744
dhan_shomadhan,riceleafbd,resnet50,42,default,0.917741935483871,0.5956519245109849,0.322090010972886
riceleafbd,brri_rice_disease_pest,resnet50,42,default,0.9903217801306974,0.624729135202574,0.3655926449281234
brri_rice_disease_pest,riceleafbd,resnet50,42,default,0.7866263440860215,0.2998484002234102,0.4867779438626113
dhan_shomadhan,brri_rice_disease_pest,resnet50,42,default,0.5744938631820015,0.3733637927186314,0.20113007046337
brri_rice_disease_pest,dhan_shomadhan,resnet50,42,default,0.835867012339275,0.5269330896200288,0.3089339227192461
dhan_shomadhan,brri_rice_disease_pest,mobilenetv2_100,42,strong,0.571612,0.344448,0.227164
dhan_shomadhan,brri_rice_disease_pest,resnet50,2024,strong,0.60693,0.491341,0.115589
dhan_shomadhan,brri_rice_disease_pest,resnet50,2024,default,0.608513,0.393925,0.214588
dhan_shomadhan,brri_rice_disease_pest,resnet50,7,default,0.6114,0.3555,0.2558
dhan_shomadhan,brri_rice_disease_pest,resnet50,42,strong,0.6167,0.5733,0.0434
dhan_shomadhan,brri_rice_disease_pest,efficientnet_b0,2024,default,0.619227,0.22314,0.396087
dhan_shomadhan,brri_rice_disease_pest,mobilenetv2_100,7,default,0.638205,0.333095,0.30511
dhan_shomadhan,brri_rice_disease_pest,mobilenetv2_100,7,strong,0.643822,0.333501,0.31032
dhan_shomadhan,brri_rice_disease_pest,mobilenetv2_100,2024,default,0.6543,0.3217,0.3326
dhan_shomadhan,brri_rice_disease_pest,efficientnet_b0,7,strong,0.6602,0.3569,0.3032
dhan_shomadhan,brri_rice_disease_pest,efficientnet_b0,2024,strong,0.6639103875788853,0.3663030587515714,0.2976073288273139
dhan_shomadhan,brri_rice_disease_pest,efficientnet_b0,7,default,0.669216,0.259431,0.409785
dhan_shomadhan,brri_rice_disease_pest,efficientnet_b0,42,strong,0.6696,0.3229,0.3467
dhan_shomadhan,brri_rice_disease_pest,resnet50,7,strong,0.6854,0.4532,0.2322
brri_rice_disease_pest,dhan_shomadhan,mobilenetv2_100,2024,default,0.6936,0.3806,0.313
brri_rice_disease_pest,dhan_shomadhan,mobilenetv2_100,7,default,0.6996,0.3724,0.3272
brri_rice_disease_pest,dhan_shomadhan,mobilenetv2_100,42,strong,0.7094,0.3962,0.3132
brri_rice_disease_pest,dhan_shomadhan,efficientnet_b0,7,default,0.711534,0.336665,0.374869
brri_rice_disease_pest,dhan_shomadhan,mobilenetv2_100,7,strong,0.7216,0.4373,0.2842
brri_rice_disease_pest,dhan_shomadhan,mobilenetv2_100,2024,strong,0.7460491889063317,0.3811363674377372,0.3649128214685944
brri_rice_disease_pest,dhan_shomadhan,efficientnet_b0,2024,default,0.748211,0.360867,0.387345
brri_rice_disease_pest,dhan_shomadhan,efficientnet_b0,42,strong,0.750642,0.40114,0.349502
brri_rice_disease_pest,dhan_shomadhan,efficientnet_b0,7,strong,0.7543,0.3431,0.4112
brri_rice_disease_pest,riceleafbd,efficientnet_b0,42,strong,0.758402,0.468696,0.289706
brri_rice_disease_pest,dhan_shomadhan,efficientnet_b0,2024,strong,0.7732,0.4533,0.3199
brri_rice_disease_pest,dhan_shomadhan,resnet50,2024,default,0.780905,0.561498,0.219407
brri_rice_disease_pest,riceleafbd,resnet50,2024,default,0.782906,0.286585,0.496321
brri_rice_disease_pest,dhan_shomadhan,resnet50,7,default,0.805,0.5178,0.2872
dhan_shomadhan,riceleafbd,mobilenetv2_100,2024,default,0.809148,0.695115,0.114032
brri_rice_disease_pest,riceleafbd,mobilenetv2_100,2024,default,0.815,0.5978,0.2172
brri_rice_disease_pest,riceleafbd,efficientnet_b0,7,strong,0.8174,0.5774,0.24
brri_rice_disease_pest,riceleafbd,mobilenetv2_100,7,strong,0.819909,0.589474,0.230436
brri_rice_disease_pest,riceleafbd,mobilenetv2_100,7,default,0.823,0.4382,0.3848
brri_rice_disease_pest,dhan_shomadhan,resnet50,2024,strong,0.824406,0.539172,0.285233
brri_rice_disease_pest,dhan_shomadhan,resnet50,7,strong,0.8272,0.5096,0.3176
brri_rice_disease_pest,riceleafbd,mobilenetv2_100,42,strong,0.8277,0.2731,0.5546
brri_rice_disease_pest,riceleafbd,efficientnet_b0,7,default,0.8335,0.443,0.3905
dhan_shomadhan,riceleafbd,resnet50,42,strong,0.8381,0.6169,0.2212
dhan_shomadhan,riceleafbd,efficientnet_b0,42,strong,0.840125,0.676032,0.164093
dhan_shomadhan,riceleafbd,efficientnet_b0,7,default,0.841615,0.624902,0.216712
brri_rice_disease_pest,dhan_shomadhan,resnet50,42,strong,0.842146,0.456003,0.386143
brri_rice_disease_pest,riceleafbd,resnet50,7,default,0.8508,0.4418,0.409
brri_rice_disease_pest,riceleafbd,resnet50,7,strong,0.8534,0.7659,0.0875
dhan_shomadhan,riceleafbd,mobilenetv2_100,7,default,0.8593,0.4885,0.3708
brri_rice_disease_pest,riceleafbd,resnet50,42,strong,0.859424,0.715873,0.143551
dhan_shomadhan,riceleafbd,resnet50,7,strong,0.8742,0.524,0.3502
brri_rice_disease_pest,riceleafbd,efficientnet_b0,2024,default,0.8943,0.6546,0.2397
dhan_shomadhan,riceleafbd,resnet50,2024,default,0.898041,0.599026,0.299015
riceleafbd,dhan_shomadhan,efficientnet_b0,2024,default,0.9065,0.4966,0.4098
riceleafbd,dhan_shomadhan,mobilenetv2_100,42,strong,0.912211,0.571852,0.340359
dhan_shomadhan,riceleafbd,resnet50,7,default,0.917742,0.605754,0.311988
dhan_shomadhan,riceleafbd,efficientnet_b0,2024,default,0.917742,0.636675,0.281067
dhan_shomadhan,riceleafbd,mobilenetv2_100,7,strong,0.917742,0.557003,0.360738
dhan_shomadhan,riceleafbd,efficientnet_b0,7,strong,0.919048,0.583023,0.336025
riceleafbd,dhan_shomadhan,mobilenetv2_100,2024,default,0.929642,0.376823,0.552819
riceleafbd,dhan_shomadhan,mobilenetv2_100,7,default,0.9301,0.6357,0.2943
riceleafbd,dhan_shomadhan,mobilenetv2_100,7,strong,0.9373,0.6062,0.3311
riceleafbd,dhan_shomadhan,resnet50,2024,default,0.9453,0.4491,0.4962
riceleafbd,dhan_shomadhan,efficientnet_b0,7,default,0.9453,0.4093,0.536
riceleafbd,dhan_shomadhan,resnet50,7,default,0.953235,0.469773,0.483462
riceleafbd,dhan_shomadhan,resnet50,7,strong,0.953235,0.575,0.378235
riceleafbd,dhan_shomadhan,efficientnet_b0,7,strong,0.953734,0.455128,0.498606
dhan_shomadhan,riceleafbd,mobilenetv2_100,42,strong,0.960031,0.573718,0.386313
riceleafbd,dhan_shomadhan,resnet50,42,strong,0.960912,0.57444,0.386472
riceleafbd,dhan_shomadhan,mobilenetv2_100,2024,strong,0.9686,0.4436,0.525
riceleafbd,dhan_shomadhan,efficientnet_b0,42,strong,0.968823,0.420455,0.548369
riceleafbd,brri_rice_disease_pest,mobilenetv2_100,42,strong,0.971,0.5039,0.467
riceleafbd,brri_rice_disease_pest,resnet50,2024,default,0.9808,0.5344,0.4464
riceleafbd,brri_rice_disease_pest,mobilenetv2_100,7,default,0.9808,0.3059,0.6748
riceleafbd,brri_rice_disease_pest,mobilenetv2_100,7,strong,0.990322,0.456153,0.534168
riceleafbd,brri_rice_disease_pest,mobilenetv2_100,2024,default,0.990322,0.220859,0.769463
riceleafbd,brri_rice_disease_pest,resnet50,7,default,0.990322,0.589303,0.401018
riceleafbd,brri_rice_disease_pest,efficientnet_b0,42,strong,0.990322,0.451799,0.538523
riceleafbd,brri_rice_disease_pest,resnet50,42,strong,1.0,0.7188,0.2812
riceleafbd,brri_rice_disease_pest,efficientnet_b0,7,default,1.0,0.4149,0.5851
riceleafbd,brri_rice_disease_pest,resnet50,7,strong,1.0,0.3981,0.6019
riceleafbd,brri_rice_disease_pest,efficientnet_b0,2024,default,1.0,0.346,0.654
riceleafbd,brri_rice_disease_pest,efficientnet_b0,7,strong,1.0,0.5226,0.4774
