train_dataset,test_dataset,model,classes,seed,split_seed,augmentation,method,n_bn_layers,n_adapt_images,baseline_accuracy,baseline_macro_f1,adabn_accuracy,adabn_macro_f1,delta_macro_f1,n_samples,checkpoint_path,predictions_path
riceleafbd,dhan_shomadhan,mobilenetv2_100,brown_spot|tungro,42,42,default,adabn,52,233,0.5098039215686274,0.4698544698544699,0.4117647058823529,0.2916666666666667,-0.1781878031878032,51,results/checkpoints/mobilenetv2_100__train-riceleafbd__run-to-dhan_shomadhan__classes-brown_spot+tungro__seed42.pth,results/predictions/mobilenetv2_100__train-riceleafbd__run-to-dhan_shomadhan__classes-brown_spot+tungro__adabn__eval-dhan_shomadhan__seed42.csv
riceleafbd,dhan_shomadhan,efficientnet_b0,brown_spot|tungro,42,42,default,adabn,49,233,0.4509803921568627,0.3823529411764706,0.5686274509803921,0.3625,-0.0198529411764706,51,results/checkpoints/efficientnet_b0__train-riceleafbd__run-to-dhan_shomadhan__classes-brown_spot+tungro__seed42.pth,results/predictions/efficientnet_b0__train-riceleafbd__run-to-dhan_shomadhan__classes-brown_spot+tungro__adabn__eval-dhan_shomadhan__seed42.csv
riceleafbd,dhan_shomadhan,resnet50,brown_spot|tungro,42,42,default,adabn,53,233,0.4901960784313725,0.49,0.4117647058823529,0.3169642857142857,-0.1730357142857143,51,results/checkpoints/resnet50__train-riceleafbd__run-to-dhan_shomadhan__classes-brown_spot+tungro__seed42.pth,results/predictions/resnet50__train-riceleafbd__run-to-dhan_shomadhan__classes-brown_spot+tungro__adabn__eval-dhan_shomadhan__seed42.csv
dhan_shomadhan,riceleafbd,mobilenetv2_100,brown_spot|tungro,42,42,default,adabn,52,620,0.4962406015037593,0.4961266610121572,0.6240601503759399,0.620433789954338,0.1243071289421807,133,results/checkpoints/mobilenetv2_100__train-dhan_shomadhan__run-to-riceleafbd__classes-brown_spot+tungro__seed42.pth,results/predictions/mobilenetv2_100__train-dhan_shomadhan__run-to-riceleafbd__classes-brown_spot+tungro__adabn__eval-riceleafbd__seed42.csv
dhan_shomadhan,riceleafbd,efficientnet_b0,brown_spot|tungro,42,42,default,adabn,49,620,0.6240601503759399,0.5592523860021209,0.4060150375939849,0.2887700534759358,-0.2704823325261851,133,results/checkpoints/efficientnet_b0__train-dhan_shomadhan__run-to-riceleafbd__classes-brown_spot+tungro__seed42.pth,results/predictions/efficientnet_b0__train-dhan_shomadhan__run-to-riceleafbd__classes-brown_spot+tungro__adabn__eval-riceleafbd__seed42.csv
dhan_shomadhan,riceleafbd,resnet50,brown_spot|tungro,42,42,default,adabn,53,620,0.6015037593984962,0.6015037593984962,0.6165413533834586,0.6013048845000881,-0.000198874898408,133,results/checkpoints/resnet50__train-dhan_shomadhan__run-to-riceleafbd__classes-brown_spot+tungro__seed42.pth,results/predictions/resnet50__train-dhan_shomadhan__run-to-riceleafbd__classes-brown_spot+tungro__adabn__eval-riceleafbd__seed42.csv
riceleafbd,brri_rice_disease_pest,mobilenetv2_100,healthy|tungro,42,42,default,adabn,52,589,0.2834645669291338,0.2208588957055214,0.5511811023622047,0.4107448107448107,0.1898859150392892,127,results/checkpoints/mobilenetv2_100__train-riceleafbd__run-to-brri_rice_disease_pest__classes-healthy+tungro__seed42.pth,results/predictions/mobilenetv2_100__train-riceleafbd__run-to-brri_rice_disease_pest__classes-healthy+tungro__adabn__eval-brri_rice_disease_pest__seed42.csv
riceleafbd,brri_rice_disease_pest,efficientnet_b0,healthy|tungro,42,42,default,adabn,49,589,0.3779527559055118,0.3740719945099507,0.4645669291338583,0.4257978723404255,0.0517258778304748,127,results/checkpoints/efficientnet_b0__train-riceleafbd__run-to-brri_rice_disease_pest__classes-healthy+tungro__seed42.pth,results/predictions/efficientnet_b0__train-riceleafbd__run-to-brri_rice_disease_pest__classes-healthy+tungro__adabn__eval-brri_rice_disease_pest__seed42.csv
riceleafbd,brri_rice_disease_pest,resnet50,healthy|tungro,42,42,default,adabn,53,589,0.4566929133858268,0.4554775368172497,0.3464566929133858,0.3384171216971066,-0.117060415120143,127,results/checkpoints/resnet50__train-riceleafbd__run-to-brri_rice_disease_pest__classes-healthy+tungro__seed42.pth,results/predictions/resnet50__train-riceleafbd__run-to-brri_rice_disease_pest__classes-healthy+tungro__adabn__eval-brri_rice_disease_pest__seed42.csv
brri_rice_disease_pest,riceleafbd,mobilenetv2_100,healthy|tungro,42,42,default,adabn,52,547,0.452991452991453,0.4481132075471698,0.3931623931623931,0.3616383616383616,-0.0864748459088081,117,results/checkpoints/mobilenetv2_100__train-brri_rice_disease_pest__run-to-riceleafbd__classes-healthy+tungro__seed42.pth,results/predictions/mobilenetv2_100__train-brri_rice_disease_pest__run-to-riceleafbd__classes-healthy+tungro__adabn__eval-riceleafbd__seed42.csv
brri_rice_disease_pest,riceleafbd,efficientnet_b0,healthy|tungro,42,42,default,adabn,49,547,0.3931623931623931,0.3562960092987214,0.6752136752136753,0.4030612244897959,0.0467652151910745,117,results/checkpoints/efficientnet_b0__train-brri_rice_disease_pest__run-to-riceleafbd__classes-healthy+tungro__seed42.pth,results/predictions/efficientnet_b0__train-brri_rice_disease_pest__run-to-riceleafbd__classes-healthy+tungro__adabn__eval-riceleafbd__seed42.csv
brri_rice_disease_pest,riceleafbd,resnet50,healthy|tungro,42,42,default,adabn,53,547,0.5384615384615384,0.5326923076923077,0.6068376068376068,0.4462962962962963,-0.0863960113960113,117,results/checkpoints/resnet50__train-brri_rice_disease_pest__run-to-riceleafbd__classes-healthy+tungro__seed42.pth,results/predictions/resnet50__train-brri_rice_disease_pest__run-to-riceleafbd__classes-healthy+tungro__adabn__eval-riceleafbd__seed42.csv
dhan_shomadhan,brri_rice_disease_pest,mobilenetv2_100,rice_blast|scald|tungro,42,42,default,adabn,52,949,0.5098039215686274,0.2519435646415203,0.3970588235294117,0.392883431463475,0.1409398668219547,204,results/checkpoints/mobilenetv2_100__train-dhan_shomadhan__run-to-brri_rice_disease_pest__classes-rice_blast+scald+tungro__seed42.pth,results/predictions/mobilenetv2_100__train-dhan_shomadhan__run-to-brri_rice_disease_pest__classes-rice_blast+scald+tungro__adabn__eval-brri_rice_disease_pest__seed42.csv
dhan_shomadhan,brri_rice_disease_pest,efficientnet_b0,rice_blast|scald|tungro,42,42,default,adabn,49,949,0.3725490196078431,0.356578947368421,0.3431372549019608,0.2851120573788993,-0.0714668899895217,204,results/checkpoints/efficientnet_b0__train-dhan_shomadhan__run-to-brri_rice_disease_pest__classes-rice_blast+scald+tungro__seed42.pth,results/predictions/efficientnet_b0__train-dhan_shomadhan__run-to-brri_rice_disease_pest__classes-rice_blast+scald+tungro__adabn__eval-brri_rice_disease_pest__seed42.csv
dhan_shomadhan,brri_rice_disease_pest,resnet50,rice_blast|scald|tungro,42,42,default,adabn,53,949,0.5637254901960784,0.3866715045960329,0.2696078431372549,0.2478053885719391,-0.1388661160240937,204,results/checkpoints/resnet50__train-dhan_shomadhan__run-to-brri_rice_disease_pest__classes-rice_blast+scald+tungro__seed42.pth,results/predictions/resnet50__train-dhan_shomadhan__run-to-brri_rice_disease_pest__classes-rice_blast+scald+tungro__adabn__eval-brri_rice_disease_pest__seed42.csv
brri_rice_disease_pest,dhan_shomadhan,mobilenetv2_100,rice_blast|scald|tungro,42,42,default,adabn,52,478,0.4271844660194174,0.4220132358063392,0.4271844660194174,0.3100680063404408,-0.1119452294658984,103,results/checkpoints/mobilenetv2_100__train-brri_rice_disease_pest__run-to-dhan_shomadhan__classes-rice_blast+scald+tungro__seed42.pth,results/predictions/mobilenetv2_100__train-brri_rice_disease_pest__run-to-dhan_shomadhan__classes-rice_blast+scald+tungro__adabn__eval-dhan_shomadhan__seed42.csv
brri_rice_disease_pest,dhan_shomadhan,efficientnet_b0,rice_blast|scald|tungro,42,42,default,adabn,49,478,0.3980582524271844,0.2451679824814153,0.2912621359223301,0.150375939849624,-0.0947920426317912,103,results/checkpoints/efficientnet_b0__train-brri_rice_disease_pest__run-to-dhan_shomadhan__classes-rice_blast+scald+tungro__seed42.pth,results/predictions/efficientnet_b0__train-brri_rice_disease_pest__run-to-dhan_shomadhan__classes-rice_blast+scald+tungro__adabn__eval-dhan_shomadhan__seed42.csv
brri_rice_disease_pest,dhan_shomadhan,resnet50,rice_blast|scald|tungro,42,42,default,adabn,53,478,0.5048543689320388,0.4305483480366718,0.4077669902912621,0.2296918767507002,-0.2008564712859716,103,results/checkpoints/resnet50__train-brri_rice_disease_pest__run-to-dhan_shomadhan__classes-rice_blast+scald+tungro__seed42.pth,results/predictions/resnet50__train-brri_rice_disease_pest__run-to-dhan_shomadhan__classes-rice_blast+scald+tungro__adabn__eval-dhan_shomadhan__seed42.csv
